,Book,Type,Pages,Size(MB)
0,100+-AI-Use-Cases-Applications-In-depth-GUIDE.pdf,GUIDE,17,0.758
1,100-Statistical-Tests-EBOOK.pdf,BOOK,257,0.895
2,100-tools-for-Cybersecurity-Analyst-NOTES.pdf,NOTES,16,0.355
3,10-Advanced-Data-Pipeline-Strategies-PPT.pdf,PPT,14,13.064
4,10-Most-Algorithm-NOTES.pdf,NOTES,10,0.201
5,10-Powerful-visuals-about-psychology-and-life-PPT.pdf,PPT,10,0.7
6,10-Projects-to-Transition-to-Data-Science-Roles-GUIDE.pdf,GUIDE,12,3.83
7,10-Rules-to-write-research-paper-NOTES.pdf,NOTES,3,0.119
8,10-Useful-Ways-to-Visualise-YourData-GUIDE.pdf,GUIDE,12,0.55
9,11-Data-Science-Books-for-Beginners-LINKS.pdf,LINKS,12,17.762
10,12-Design-patterns-PPT.pdf,PPT,40,0.499
11,13-Data-Science-Questions-for-DS-Project-PPT.pdf,PPT,19,0.955
12,14-Algorithms-Every-Programmer-Needs-to-Know-NOTES.pdf,NOTES,16,22.462
13,14-Powerful-Visuals-About-Psychology-Life-GUIDE.pdf,GUIDE,15,1.271
14,180-Days-Data-Science-Study-Plan-GUIDE.pdf,GUIDE,3,0.257
15,2018-Namami-Digitiation-REPORT.pdf,REPORT,83,45.205
16,2020-Scrum-Guide-US-GUIDE.pdf,GUIDE,14,0.243
17,2021-Executive-Guide-to-Data-Science-and-AI-GUIDE.pdf,GUIDE,60,4.257
18,2023-Cybersecurity-Terms-Summary-REPORT.pdf,REPORT,117,22.174
19,20-Python-Libraries-GUIDE.pdf,GUIDE,74,4.122
20,23-Augmented-Reality-Trends-to-Keep-an-Eye-on-for-2023-REPORT.pdf,REPORT,25,67.869
21,30-Python-Libraries-NOTES.pdf,NOTES,33,9.35
22,30-UseCases-for-the-Metaverse-Q4-2022-REPORT.pdf,REPORT,187,91.191
23,33-Ways-to-Tableau-by-Ryan-Sleeper-PPT.pdf,PPT,124,14.196
24,38-Free-Courses-on-Coursera-for-Data-Science-PPT.pdf,PPT,8,0.448
25,48-ChatGPT-Prompts-Ready-to-Use-for-beginners-EBOOK.pdf,BOOK,49,2.369
26,50-Awesome-Chatgpt-Prompt-NOTES.pdf,NOTES,53,4.809
27,50-Best-Websites-to-Learn-Python-NOTES.pdf,NOTES,14,0.757
28,50-Python-Commands-NOTES.pdf,NOTES,8,1.768
29,50-Ways-Impact-Business-AI-RapidMiner-REPORT.pdf,REPORT,65,12.866
30,50-YearsDataScience-REPORT.pdf,REPORT,41,0.414
31,5-ways-to-access-news-as-a-data-source-GUIDE.pdf,GUIDE,13,1.039
32,60-ChatGPT-prompts-for-Data-Science-GUIDE.pdf,GUIDE,67,11.104
33,75-Days-Coding-EBOOK.pdf,BOOK,32,4.337
34,83+Datasets-from-Google-PPT.pdf,PPT,10,2.238
35,97-Things-Every-Data-Engineer-should-know-EBOOK.pdf,BOOK,263,49.702
36,9-Googling-tips-GUIDE.pdf,GUIDE,11,0.262
37,9-HTTP-Methods-GUIDE.pdf,GUIDE,24,11.159
38,A3-Thinking-Great-40-Infographics-for-Continuous-Improvement-PPT.pdf,PPT,39,4.939
39,A-Beginners-Guide-to-DevOps-Basics-NOTES.pdf,NOTES,21,3.935
40,A-brief-guide-for-Data-Cleaning-NOTE.pdf,NOTE,15,0.887
41,A-Brief-Introduction-NeuralNetwork-by-DavidKriesel-BOOK.pdf,BOOK,244,6.064
42,A-Brief-Review-of-Machine-Learning-Models-Explainability-EBOOK.pdf,BOOK,15,1.122
43,A-Compact-Guide-to-Large-Language-Models-REPORT.pdf,REPORT,9,0.783
44,A-Comprehensive-Guide-for-Visualization-PPT.pdf,PPT,37,8.843
45,A-Comprehensive-Guide-to-Machine-Learning-BOOK.pdf,BOOK,185,23.675
46,A-Concrete-Introduction-to-Higher-Algebra-BOOK.pdf,BOOK,585,4.544
47,A-CookBook-of-Self-Supervised-Learning-NOTES.pdf,NOTES,70,1.598
48,A-Course-in-Machine-Learning-byHalDaume-BOOK.pdf,BOOK,193,2.515
49,A-course-in-Time-Series-Analysis-EBOOK.pdf,BOOK,300,2.36
50,A-detailed-presentation-on-MLOPS-PPT.pdf,PPT,33,2.365
51,Advanced-Analytics-PowerBI-GUIDE.pdf,GUIDE,18,1.437
52,Advanced-Analytics-with-Spark-BOOK.pdf,BOOK,276,5.425
53,Advanced-Data-Analysis-from-an-Elementary-Point-of-View-BOOK.pdf,BOOK,861,8.766
54,Advanced-Deep-Learning-with-TensorFlow2-BOOK.pdf,BOOK,513,20.076
55,Advanced-Excel-GUIDE.pdf,GUIDE,35,1.678
56,Advanced-Javascript-Concepts-NOTES.pdf,NOTES,96,6.633
57,Advanced-Python-Tips-BOOK.pdf,BOOK,50,8.009
58,Advanced-Research-On-Ai-For-Science-Energy-And-Security-EBOOK.pdf,BOOK,206,7.081
59,Advanced-Topics-in-Linear-Algebra-Weaving-Matrix-Problems-through-the-Weyr-Form-EBOOK.pdf,BOOK,423,2.094
60,Advance-Introduction-to-Machine-Learning-CMU-PPT.pdf,PPT,51,2.299
61,Advancing-mathematics-by-guiding-human-intuition-with-AI-ARTC.pdf,ARTC,10,2.317
62,Advantages-Disadvantages-of-k-Means-and-Hierarchical-clustering-PPT.pdf,PPT,5,0.065
63,Adversarial-Machine-Learning-Attacks-and-Mitigations-REPORT.pdf,REPORT,73,2.545
64,A-First-Course-in-AI-by-DeepakKhemani-EBOOK.pdf,BOOK,1151,25.34
65,A-gentle-introduction-to-Generative-AI-PPT.pdf,PPT,19,0.582
66,A-Gentle-Introduction-to-Optimization-EBOOK.pdf,BOOK,403,6.681
67,Agile-AI-REPORT.pdf,REPORT,53,1.487
68,Agile-Data-Engine-ADE-Guide-to-DataOps-EBOOK.pdf,BOOK,21,0.862
69,Agile-Data-Science-2.0-Building-Full-Stack-Data-Analytics-Applications-with-Spark-BOOK.pdf,BOOK,351,11.509
70,Agile-estimation-GUIDE.pdf,GUIDE,32,3.474
71,Agile-Glossary-HANDBOOK.pdf,HANDBOOK,16,0.159
72,Agile-HANDBOOK.pdf,HANDBOOK,34,0.533
73,A-Hands-On-Intro-to-Essential-Python-Libraries-Frameworks-HANDBOOK.pdf,HANDBOOK,38,0.43
74,AI-and-Education-REPORT.pdf,REPORT,23,10.978
75,AI-and-International-Conflict-in-Cyberspace-EBOOK.pdf,BOOK,279,5.182
76,AI-for-Data-Science-EBOOK.pdf,BOOK,295,2.349
77,"AI-for-Science,-Energy-and-Security-EBOOK.pdf",BOOK,206,6.633
78,AI-here-and-now-PPT.pdf,PPT,77,7.461
79,AI-Insights-from-the-Science-of-Consciousness-ARTC.pdf,ARTC,88,1.654
80,AI-ML-DS-Infographics-BY-Poetter-Compris-PPT.pdf,PPT,239,40.909
81,AI-powered-marketing-and-sales-&-generative-AI-REPORT.pdf,REPORT,11,1.299
82,Algorithmic-Aspects-of-Machine-Learning-BOOK.pdf,BOOK,249,1.432
83,Algorithmic-High-Dimensional-Robust-Statistics-EBOOK.pdf,BOOK,296,3.546
84,Algorithms Notes for Professionals-NOTES.pdf,NOTES,257,2.471
85,Algorithms-for-Decision-Making-EBOOK.pdf,BOOK,700,12.171
86,Algorithms-InterviewQuestions-InterviewBit-NOTES.pdf,NOTES,34,0.585
87,Algorithms-Notes-For-Professionals-NOTES.pdf,NOTES,257,2.626
88,A-list-with-over-150-Biases-Cognitive+Social+Memory-REPORT.pdf,REPORT,26,1.384
89,All-about-Docker-PPT.pdf,PPT,9,0.815
90,All-Of-Statistics-A-Concise-Course-in-Statistical-Inference-by-Larry-BOOK.pdf,BOOK,446,23.286
91,Amazon-Machine-Learning-Developer-GUIDE.pdf,GUIDE,146,2.136
92,Amazon-Machine-Learning-Developer-Guide-TOOL.pdf,TOOL,146,2.136
93,A-ML-System-for-Demand-Forecasting-using-LGBM-Algorithm-ARTC.pdf,ARTC,8,0.224
94,A-Modern-Approach-to-Regression-with-R-EBOOK.pdf,BOOK,397,6.446
95,Analytics-and-AI-Strategy-GUIDE.pdf,GUIDE,16,0.994
96,Analytics-in-a-Big-Data-World-The-Essential-Guide-to-Data-Science-and-its-Applications-BOOK.pdf,BOOK,252,4.027
97,An-Introduction-to-Cloud-Databases-REPORT.pdf,REPORT,48,1.712
98,An-Introduction-to-Cyber-Security-GUIDE.pdf,GUIDE,19,3.545
99,An-Introduction-to-Data-Everything-You-Need-to-Know-about-AI-and-Bigdata-EBOOK.pdf,BOOK,131,2.579
100,An-Introduction-to-Genetic-Algorithms-BOOK.pdf,BOOK,162,2.039
101,An-introduction-to-graph-theory-EBOOK.pdf,BOOK,422,3.058
102,An-Introduction-To-Machine-Learning-byMiroslav-BOOK.pdf,BOOK,348,4.505
103,An-Introduction-to-Python-Programming-by-ByteSize-EBOOK.pdf,BOOK,223,6.593
104,An-Introduction-to-Statistical-Learning-with-Application-in-R-BOOK.pdf,BOOK,440,10.64
105,An-Introduction-to-Statistical-Learning-with-Applications-in-R-Second-Edition-EBOOK.pdf,BOOK,615,21.171
106,An-Introduction-to-the-Philosophy-of-Time-and-Space-EBOOK.pdf,BOOK,246,32.468
107,An-Introduction-to-the-SAS-System-NOTES.pdf,NOTES,84,0.402
108,ANN3-DeepLearning-PPT.pdf,PPT,104,2.85
109,ANN-PPT.pdf,PPT,30,1.738
110,Apache-Sparks-NOTES.pdf,NOTES,26,0.213
111,API-Design-Crash-Course-NOTES.pdf,NOTES,11,0.096
112,API-lifecycle-EBOOK.pdf,BOOK,121,13.503
113,API-Penetration-Examples-WORKBOOK.pdf,WORKBOOK,49,4.113
114,API-Quick-Reference-NOTES.pdf,NOTES,12,0.202
115,API-Terminology-HANDBOOK.pdf,HANDBOOK,42,17.311
116,Application-Security-Testing-REPORT.pdf,REPORT,43,1.106
117,Applied-NLP-with-Python-EBOOK.pdf,BOOK,158,2.92
118,Approaching-(Almost)-Any-Machine-Learning-Problem-EBOOK.pdf,BOOK,300,8.046
119,Approaching-Any-machine-learning-problem-EBOOK.pdf,BOOK,300,8.046
120,A-practical-guide-for-testing-for-DEVOPS-EBOOK.pdf,BOOK,167,5.086
121,A-Practical-Guide-to-Getting-Started-with-DevOps-REPORT.pdf,REPORT,36,8.834
122,A-Practical-Introduction-to-Python-Programming-GUIDE.pdf,GUIDE,52,0.298
123,A-Primer-to-the-42-Most-commonly-used-ML-Algorithms-EBOOK.pdf,BOOK,33,1.811
124,A-Primer-to-the-42-Most-commonly-used-ML-Algorithms-REPORT.pdf,REPORT,33,1.811
125,A-Programmers-Guide-to-Data-Mining-BOOK.pdf,BOOK,299,10.556
126,Architecture-EBOOK.pdf,BOOK,153,13.573
127,Artificial-Intelligence-And-Cybersecurity-Research-REPORT.pdf,REPORT,40,1.601
128,Artificial-Intelligence-Implications-for-Business-Strategy-BOOK.pdf,BOOK,241,4.807
129,Artificial-Intelligence-Index-Report-2023-REPORT.pdf,REPORT,386,24.133
130,Artificial-Neural-Network-PPT.pdf,PPT,30,1.738
131,Artificial-Neural-Networks-with-Java-Tools-for-Building-Neural-Network-Applications-EBOOK.pdf,BOOK,575,12.148
132,A-Smarter-way-to-Learn-Python-EBOOK.pdf,BOOK,234,1.856
133,A-Survey-on-Contrastive-Self-Supervised-Learning-PAPER.pdf,PAPER,22,5.825
134,A-Tour-of-Attention-Based-Architectures-NOTES.pdf,NOTES,8,0.542
135,A-to-Z-of-AIML-A-Quick-Introduction-to-AI+ML-Capabilties-and-Tools-PPT.pdf,PPT,65,4.529
136,Attacks-on-TCP-REPORT.pdf,REPORT,39,1.516
137,Attention-Mechanism-Transformer-BERT-GPT-Tutorial-and-Survey-PAPER.pdf,PAPER,15,1.821
138,"Autoencoders,-Convolutional-Neural-Networks-and-Recurrent-Neural-Networks-REPORT.pdf",REPORT,20,2.24
139,"Automated-Machine-Learning-Methods,-Systems,-Challenges-BOOK.pdf",BOOK,222,6.482
140,A-Visual-Introduction-to-Deep-Learning-GUIDE.pdf,GUIDE,42,5.284
141,Awesome-machine-learning-GLOSSARY.pdf,GLOSSARY,60,2.035
142,AWS-Certified-Solutions-Architect-Associate-Exam-GUIDE.pdf,GUIDE,199,3.191
143,AWS-lens-Machine-Learning-Lens-TOOL.pdf,TOOL,102,2.939
144,AWS-MLOps-Emerging-Trend-in-Data-Code-and-Infra-REPORT.pdf,REPORT,25,0.67
145,AWS-Short-Notes-TOOL.pdf,TOOL,86,2.387
146,AZ-900-NOTEBOOK.pdf,NOTEBOOK,61,11.264
147,Azure-ComputerVision-Jun2021-EBOOK.pdf,BOOK,289,17.197
148,Azure-Developer-GUIDE.pdf,GUIDE,123,2.463
149,Azure-DevOps-HANDBOOK.pdf,HANDBOOK,59,1.86
150,Azure-DP-203-CertificationGuide-DataEngineer-NOTES.pdf,NOTES,151,17.268
151,Azure-Handbook-by-TutorialPoint-HANDBOOK.pdf,HANDBOOK,229,12.456
152,Azure-ML-NOTEBOOK.pdf,NOTEBOOK,240,7.659
153,Azure-Practical-Hands-On-HANDBOOK.pdf,HANDBOOK,266,23.979
154,Azure-Storage-Services-TOOL.pdf,TOOL,1,0.128
155,Banking-on-Generative-AI-REPORT.pdf,REPORT,14,3.446
156,Baseline-Cyber-Security-Controls-REPORT.pdf,REPORT,20,1.169
157,Basic-Data-Science-Termonology-GUIDE.pdf,GUIDE,22,2.013
158,Basic-Guide-to-SQL-GUIDE.pdf,GUIDE,89,0.595
159,Basic-Intro-to-PySpark-Building-Data-Engineering-Pipelines-in-Python-PPT.pdf,PPT,46,0.835
160,Basics-of-Business-Analysis-PPT.pdf,PPT,111,2.606
161,Basics-of-cloud-computing-PPT.pdf,PPT,8,8.277
162,Basics-of-Statistics-HANDBOOK.pdf,HANDBOOK,83,0.45
163,Bayesian-Reasoning-and-Machine-Learning-BOOK.pdf,BOOK,680,13.661
164,Bayes-theorem-A-Visual-Introduction-for-Beginner-EBOOK.pdf,BOOK,178,1.54
165,BAYESUVIUS-A-Visual-Dictionary-of-Bayesian-Networks-and-Causal-Inference-BOOK.pdf,BOOK,484,5.39
166,Baysian-Reasoning-Machine-Learning-BOOK.pdf,BOOK,690,15.652
167,BD-Planning-for-big-data-CIO-HANDBOOK.pdf,HANDBOOK,88,7.785
168,Beauty-in-Mathematics-REPORT.pdf,REPORT,4,0.145
169,Beginners-Guide-to-Analytics-GUIDE.pdf,GUIDE,50,6.808
170,Beginners-guide-to-data-science-a-twics-guide-PPT.pdf,PPT,41,2.099
171,Beginners-JavaScript-HANDBOOK.pdf,HANDBOOK,70,0.527
172,Benefits-of-metaverse-REPORT.pdf,REPORT,4,0.022
173,Best-Practices-for-Business-Analyst-NOTES.pdf,NOTES,29,0.571
174,Best-Practices-for-Data-Engineering-1-PPT.pdf,PPT,7,1.928
175,Best-Practices-for-Improving-you-ML-DL-models-HANDBOOK.pdf,HANDBOOK,14,0.418
176,Best-Practices-for-ML-Engineering-REPORT.pdf,REPORT,24,0.439
177,Be-the-Outlier-EBOOK.pdf,BOOK,150,4.577
178,BigBook-Experimentation-Casestudies-PPT.pdf,PPT,101,6.419
179,Big-book-of-data-science-REPORT.pdf,REPORT,120,15.628
180,BigBookSmallPythonProjects-EBOOK.pdf,BOOK,434,9.968
181,Big-Data-Analytics-Overview-REPORT.pdf,REPORT,61,1.241
182,Big-Data-and-AI-Strategies-Machine-Learning-and-Alternative-Data-Approach-to-Investing-REPORT.pdf,REPORT,280,11.015
183,Big-Data-and-Hadoop-NOTES.pdf,NOTES,13,1.021
184,Big-Data-Casestudy-Collection-REPORT.pdf,REPORT,32,1.175
185,Big-Data-Engineering-EBOOK.pdf,BOOK,189,1.496
186,Bigdata-Hadoop-and-Spark-Performance-for-the-enterprise-REPORT.pdf,REPORT,20,2.135
187,Billion-Scale-Approximate-Nearest-Neighbor-Search-PPT.pdf,PPT,115,3.448
188,Binomial-Distribution-NOTES.pdf,NOTES,11,0.144
189,Blockchain-Engineering-PlayBook-EBOOK.pdf,BOOK,130,3.539
190,Blockchain-GUIDE.pdf,GUIDE,232,28.348
191,Blockchain-Reference-GUIDE.pdf,GUIDE,125,1.483
192,Box-Plot-and-Identifying-Outliers-PPT.pdf,PPT,11,0.344
193,Bright-Data-s-Solution-Diagram-GUIDE.pdf,GUIDE,12,0.341
194,Bringing-Data-Lakes-and-Data-Warehouses-Together-REPORT.pdf,REPORT,19,7.626
195,Bug-Bounty-Hunting-for-Web-Security-EBOOK.pdf,BOOK,232,8.808
196,Build-E2E-Data-Driven-Apps-on-AWS-GUIDE.pdf,GUIDE,27,1.973
197,Building-Data-Science-Teams-REPORT.pdf,REPORT,26,2.681
198,Building-Intelligent-Apps-with-Cognitive-APIs-BOOK.pdf,BOOK,97,12.617
199,Building-LLM-chatbots-A-Step-by-Step-GUIDE.pdf,GUIDE,10,0.532
200,Business-Analysis-Best-Practices-GUIDE.pdf,GUIDE,46,0.847
201,Business-Analysis-Techniques-GUIDE.pdf,GUIDE,29,0.236
202,Business-Analysis-Using-Real-World-Example-NOTES.pdf,NOTES,19,0.427
203,Business-Analyst-HANDBOOK.pdf,HANDBOOK,148,6.162
204,Business-Process-Model-and-Notation-NOTES.pdf,NOTES,69,1.986
205,Business-Writing-Style-GUIDE.pdf,GUIDE,138,4.48
206,C++-Tutorial-NOTES.pdf,NOTES,144,1.213
207,Cambridge-international-as-a-level-mathematics-probability-statistics-1-COURSEBOOK.pdf,COURSEBOOK,266,29.278
208,Career-guide-for-product-managers-GUIDE.pdf,GUIDE,139,5.292
209,Causal-Reinformcement-Learning-by-Elias-Berinboim-PPT.pdf,PPT,147,9.248
210,Certified-Kubernetes-Security-Specialist-(CKS)-PPT.pdf,PPT,173,5.809
211,Chapter1-KocovicRadenkovic-doi-BOOK.pdf,BOOK,51,1.701
212,Chatbot-HANDBOOK.pdf,HANDBOOK,58,6.615
213,chatGPT-3-best-practices-GUIDE.pdf,GUIDE,6,0.947
214,chatGPT-for-Cybersecurity-Session1-PPT.pdf,PPT,34,3.67
215,ChatGPT-with-Reinforcment-Learning-PPT.pdf,PPT,71,6.896
216,Checklist-to-become-a-Data-Scientist-GUIDE.pdf,GUIDE,11,1.729
217,CICD-Best-Practices-by-Klokwork-PPT.pdf,PPT,12,0.674
218,CICD-GUIDE.pdf,GUIDE,33,10.417
219,CICD-SecurityRisk-HANDBOOK.pdf,HANDBOOK,38,1.497
220,CICD-with-Docker-GUIDE.pdf,GUIDE,92,3.364
221,Classic-Machine-Learning-With-PyTorch-WORKBOOK.pdf,WORKBOOK,18,2.105
222,Cloud-Application-Architecture-PPT.pdf,PPT,154,8.514
223,Cloud-Choices-for-Microsoft-Project-2013-ARTC.pdf,ARTC,2,0.529
224,Cloud-computing-Tutorail-HANDBOOK.pdf,HANDBOOK,87,2.088
225,Cloud-Design-Patterns-REPORT.pdf,REPORT,236,12.978
226,Cloud-Native-Infrastructure-with-Azure-EBOOK.pdf,BOOK,324,13.591
227,Cloud-Security-Best-Practices-GUIDE.pdf,GUIDE,55,0.919
228,Clustering-Analysis-PPT.pdf,PPT,102,7.164
229,Clustering-and-Machine-Learning-PPT.pdf,PPT,20,0.488
230,CNN-Algorithm-MNIST-PPT.pdf,PPT,9,1.547
231,Codefresh-Continuous-Delivery-for-Kubernetes-HANDBOOK.pdf,HANDBOOK,118,16.488
232,Coding-in-SQL-and-Pyspark-REPORT.pdf,REPORT,9,0.591
233,Coding-Projects-in-Python-EBOOK.pdf,BOOK,226,22.764
234,Comet-Standardizing-ML-Experiment-REPORT.pdf,REPORT,18,1.011
235,Communication-Skills-REPORT.pdf,REPORT,42,1.222
236,Communications-Skills-for-Managers-GUIDE.pdf,GUIDE,41,0.125
237,Comparison-of-Classification-Algorithm-NOTES.pdf,NOTES,11,0.601
238,Competitive-Programming-EBOOK.pdf,BOOK,267,3.523
239,Competitive-Programming-in-Python-EBOOK.pdf,BOOK,267,3.523
240,Complete-Data-Structures-and-Algorithms-Roadmap-REPORT.pdf,REPORT,102,0.931
241,Complete-Guide-of-MLOps-by-Run.ai-NOTES.pdf,NOTES,13,0.621
242,Complete-Guide-to-Next-Level-User-GUIDE.pdf,GUIDE,31,4.064
243,Complete-Machine-learning-Notes-from-Andrew-Ng-NOTEBOOK.pdf,NOTEBOOK,170,20.754
244,Completes-guide-on-stable-diffusion-Prompts-PPT.pdf,PPT,105,25.467
245,Complex-SQL-Queries-NOTES.pdf,NOTES,127,0.478
246,Comprehensive-Practical-Inferential-Statistics-Guide-GUIDE.pdf,GUIDE,30,0.694
247,Computer-Age-Statistical-Inference-BOOK.pdf,BOOK,200,31.52
248,Computer-Vision-Algo-Applications-by-Szeliski-BOOK.pdf,BOOK,979,22.135
249,"Computer-Vision-Model,-Learning-and-Inference-BOOK.pdf",BOOK,667,109.918
250,Confidence-Building-Measures-for-Artificial-Intelligence-ARTC.pdf,ARTC,22,0.285
251,Confusion-Matrix-NOTES.pdf,NOTES,18,2.954
252,Container-Technology-GUIDE.pdf,GUIDE,29,1.412
253,Core-Principle-of-Data-Visualization-GUIDE.pdf,GUIDE,2,0.127
254,Cost-of-Data-Breach-Study-2020-byIBMSecurity-REPORT.pdf,REPORT,82,2.616
255,"Cracking-the-Coding-Interview,-6th-Edition-EBOOK.pdf",BOOK,712,87.84
256,CS229-Lecture-Notes-by-Andrew-NG-EBOOK.pdf,BOOK,216,3.103
257,CS229-Stanford-Machine-and-Deep-Learning-Lecture-Notes-TEXTBOOK.pdf,TEXTBOOK,226,3.518
258,CS725-Foundations-of-Machine-learning-Lecture-NOTES.pdf,NOTES,119,2.12
259,Curated-list-of-blogs-and-books-for-Product-Managers-PPT.pdf,PPT,7,0.816
260,Cyber-Defence-HANDBOOK.pdf,HANDBOOK,101,2.586
261,Cybersecurity-Checklist-GUIDE.pdf,GUIDE,15,0.608
262,Daily-Dose-of-Data-Science-Archive-EBOOK.pdf,BOOK,190,24.25
263,Daily-Dose-of-Data-Science-Archive-NOTES.pdf,NOTES,262,55.235
264,Dashboards-in-Python-TOOL.pdf,TOOL,12,0.421
265,Data-Analysis-From-Scratch-With-Python-Step-by-Step-GUIDE.pdf,GUIDE,104,2.786
266,Data-analysis-in-Excel-NOTES.pdf,NOTES,19,1.443
267,Data-Analysis-with-Microsoft-Excel-EBOOK.pdf,BOOK,613,10.554
268,Data-Analyst-RoadMap-NOTES.pdf,NOTES,7,0.233
269,Data-analytics-for-beginners-EBOOK.pdf,BOOK,81,0.228
270,Data-Analytics-Pipeline-PPT.pdf,PPT,11,7.33
271,Data-Analytics-Practical-Guide-BOOK.pdf,BOOK,279,1.051
272,Database-vs-Data-Warehouse-vs-Data-Lake-PPT.pdf,PPT,8,2.824
273,Databricks-dbutils-NOTEBOOK.pdf,NOTEBOOK,34,3.244
274,Data-Career-Skills-Checklist-GUIDE.pdf,GUIDE,19,0.505
275,Data-Cleaning-Basics-NOTES.pdf,NOTES,66,2.111
276,Data-Cleaning-PPT.pdf,PPT,15,0.887
277,Data-Cleaning-Resource-GUIDE.pdf,GUIDE,66,2.111
278,Data-Distribution-1010-NOTES.pdf,NOTES,12,0.806
279,Data-Driven-Creating-a-Data-Culture-ARTC.pdf,ARTC,28,16.603
280,Data-Driven-Science-and-Engineering-EBOOK.pdf,BOOK,761,102.47
281,Data-Engineering-Fundamentals-NOTES.pdf,NOTES,7,0.149
282,Data-Engineering-Roadmap-NOTES.pdf,NOTES,5,1.468
283,Data-Integration-Introduction-PPT.pdf,PPT,34,3.255
284,Data-Mesh-Book-TOC.pdf,TOC,8,1.39
285,"Data-Mining-Process,-Techniques,-Tools-ARTC.pdf",ARTC,11,0.161
286,Data-ML-Services-on-GCP-PPT.pdf,PPT,10,7.33
287,Data-Modeling-for-Data-Engineers-PPT.pdf,PPT,8,0.19
288,Data-Pipeline-PPT.pdf,PPT,13,1.029
289,Data-pipelines-from-zero-to-SOLID-PPT.pdf,PPT,58,0.584
290,Data-preparation-for-data-mining-NOTES.pdf,NOTES,466,4.007
291,Data-Quality-Fundamentals-REPORT.pdf,REPORT,25,2.019
292,Data-quality-monitoring-with-Agile-Data-Engine-ADE-EBOOK.pdf,BOOK,21,0.803
293,Data-Science1-NOTES.pdf,NOTES,26,3.281
294,Data-Science-and-Analytics-with-Python-EBOOK.pdf,BOOK,413,31.023
295,Data-Science-and-ML-Maths-and-Statistical-Methods-EBOOK.pdf,BOOK,533,20.026
296,Data-Science-Applications-use-Cases-PPT.pdf,PPT,28,1.243
297,Data-Science-Big-Data-Analytics-EBOOK.pdf,BOOK,420,50.306
298,Data-Science-for-Busines-by-FosterProvost-TomFawcett-BOOK.pdf,BOOK,339,14.454
299,Data-Science-from-Scratch-BOOK.pdf,BOOK,330,5.928
300,Data-Science-from-Scratch-First-Principles-with-Python-By-Jeol-Grus-EBOOK.pdf,BOOK,464,7.053
301,Data-Science-in-Marketing-Analytics-BOOK.pdf,BOOK,637,28.162
302,Data-Science-Open-Toolkit-PPT.pdf,PPT,5,0.567
303,Data-Science-Project-Lifecycle-PPT.pdf,PPT,13,0.316
304,Data-science-skills-PPT.pdf,PPT,10,0.136
305,Data-Science-Terminologies-NOTES.pdf,NOTES,22,2.013
306,Data-Science-Terms-PPT.pdf,PPT,22,2.013
307,Data-Science-Theories-Models-Algorithms-and-Analytics-BOOK.pdf,BOOK,462,14.227
308,Data-Science-Tools-GUIDE.pdf,GUIDE,23,2.844
309,Data-Storytelling-NOTES.pdf,NOTES,24,18.998
310,Data-Strategy-NOTES.pdf,NOTES,58,0.648
311,Data-Structure-Algorithm-NOTES.pdf,NOTES,33,3.186
312,Data-Structure-and-Algorithms1-GUIDE.pdf,GUIDE,15,1.132
313,Data-Structure-and-Algorithm-Sheet-GUIDE.pdf,GUIDE,20,9.055
314,Data-Structure-In-Python-NOTES.pdf,NOTES,12,0.279
315,Data-Structures-and-Algorithms-NOTES.pdf,NOTES,12,2.475
316,Data-Structures-And-Algorithms-With-Python-BOOK.pdf,BOOK,369,12.915
317,Data-structures-PPT.pdf,PPT,132,0.651
318,Data-Visualisation-Principles-GUIDE.pdf,GUIDE,12,1.061
319,Data-Visualization-101-How-to-Design-Charts-and-Graphs-PPT.pdf,PPT,25,4.223
320,Data-Visualization1-GUIDE.pdf,GUIDE,12,0.55
321,Data-Visualization1-How-to-Pick-the-Right-Chart-Type-REPORT.pdf,REPORT,16,1.821
322,Data-Visualization2-How-to-Pick-the-Right-Chart-Type-REPORT.pdf,REPORT,24,1.753
323,Data-Visualization-Advanced-Plotting-PPT.pdf,PPT,49,1.357
324,Data-Visualization-and-Exploration-with-R-A-Practical-Guide-to-Using-R-BOOK.pdf,BOOK,238,20.768
325,Data-Visualization-Grossberg-lecture1-PPT.pdf,PPT,172,6.745
326,Data-Visualization-GUIDE.pdf,GUIDE,10,1.329
327,Data-Visualization-in-R-PPT.pdf,PPT,62,3.43
328,Data-Visualization-in-Society-BOOK.pdf,BOOK,466,5.497
329,Data-visualization-made-simple-SosulskiKristen-BOOK.pdf,BOOK,285,32.95
330,Data-Visualization-Principles-and-Tech-of-Data-Science-PPT.pdf,PPT,120,15.087
331,Data-Visualization-storytelling-REPORT.pdf,REPORT,25,5.998
332,Data-Visualization-with-R-PPT.pdf,PPT,62,3.622
333,Data-Warehouse-Concepts-ARTC.pdf,ARTC,11,0.208
334,Data-Warehouse-GUIDE.pdf,GUIDE,27,0.574
335,Day-23-of-10WeeksOfLLMs-NOTES.pdf,NOTES,7,0.22
336,Decision-Trees-NOTES.pdf,NOTES,31,1.102
337,Deep-Adversarial-Learning-for-NLP-PPT.pdf,PPT,61,3.823
338,Deep-Fake-PPT.pdf,PPT,9,1.708
339,Deep-Learning-based-Image-Segmentation-PPT.pdf,PPT,136,9.945
340,Deep-Learning-BOOK.pdf,BOOK,802,19.21
341,Deep-Learning-by-IanGoodfellow-TOC.pdf,TOC,66,0.954
342,Deep-Learning-by-JohnKelleher-MIT-Press-BOOK.pdf,BOOK,297,3.638
343,Deep-Learning-Cookbook-BOOK.pdf,BOOK,253,11.949
344,Deep-Learning-Explainable-Field-Guide-ARTC.pdf,ARTC,70,3.032
345,Deep-Learning-for-Dummies-BOOK.pdf,BOOK,53,2.94
346,Deep-Learning-for-NLP-EBOOK.pdf,BOOK,372,7.453
347,Deep-Learning-for-Understanding-Consumer-Histories-NOTE.pdf,NOTE,11,1.04
348,Deep-Learning-From-Basics-to-Practice-by-AndrewGlassner-CHAPTER.pdf,CHAPTER,104,17.711
349,Deep-Learning-in-Medical-Image-Analysis-PPT.pdf,PPT,54,4.87
350,Deep-Learning-Methods-and-Applications-BOOK.pdf,BOOK,197,8.931
351,Deep-Learning-NOTES.pdf,NOTES,100,14.457
352,Deep-Learning-on-Graphs-for-NLP-PPT.pdf,PPT,256,96.19
353,Deep-Learning-Terms-PPT.pdf,PPT,22,0.536
354,Deep-learning-theory-lecture-notes-Advanced-Topics-NOTES.pdf,NOTES,127,1.15
355,Deep-Learning-with-Azure-BOOK.pdf,BOOK,298,7.58
356,Deep-Learning-With-Keras-for-Beginner-GUIDE.pdf,GUIDE,98,0.573
357,Deep-Learning-with-Python-BOOK.pdf,BOOK,169,6.798
358,Deep-learning-with-Python-by-Nikhil-Ketkar-BOOK.pdf,BOOK,169,6.81
359,Deep-Learning-with-Python-EBOOK.pdf,BOOK,386,10.908
360,Deep-learning-with-python-mini-course-SYLLABUS.pdf,SYLLABUS,26,0.771
361,Deep-Learning-with-PyTorch-BOOK.pdf,BOOK,522,44.74
362,Deep-Reinforcement-Learning-BOOK.pdf,BOOK,827,15.877
363,Demo-Model-Card-REPORT.pdf,REPORT,15,1.969
364,Designing-a-Modern-DataWarehouse+DataLake-PPT.pdf,PPT,72,3.012
365,Designing-ML-Pipelines-PPT.pdf,PPT,23,0.531
366,Designing-The-SIEM-Monitoring-Environment-PPT.pdf,PPT,37,4.883
367,DesignPatterns-EBOOK.pdf,BOOK,431,4.057
368,Detecting-the-Unknown-A-Guide-to-Threat-Hunting-GUIDE.pdf,GUIDE,50,2.307
369,Developmental-Neurobiology-BOOK.pdf,BOOK,428,10.641
370,DevOps-2-PPT.pdf,PPT,4,0.536
371,DevOps-Complete-Package-GUIDE.pdf,GUIDE,127,9.651
372,DevOps-NOTES.pdf,NOTES,23,0.537
373,DevOps-Setups-A-Benchmarking-Study-REPORT.pdf,REPORT,29,2.361
374,DevOps-Tools-GUIDE.pdf,GUIDE,55,2.931
375,DevOps-Training-Content-TOC.pdf,TOC,13,0.382
376,DevSecOps-PPT.pdf,PPT,25,2.906
377,Digital-Entrepreneurship-Impact-on-Business-and-Society-BOOK.pdf,BOOK,295,5.647
378,Digital-Image-Processing-Introduction-GUIDE.pdf,GUIDE,167,4.141
379,Dimensionality-Reduction-Handwritten-NOTES.pdf,NOTES,3,0.659
380,Discrete-Entropy-A-comprehensive-review-NOTES.pdf,NOTES,61,0.462
381,Dive-into-Deep-Learning-BOOK.pdf,BOOK,100,19.356
382,Django-Documentation-EBOOK.pdf,BOOK,2060,7.231
383,Django-EBOOK.pdf,BOOK,199,1.323
384,Docker-for-Data-Science-Building-Scalable-and-Extensible-Data-Infrastructure-EBOOK.pdf,BOOK,266,6.936
385,Docker-Python-PPT.pdf,PPT,41,2.469
386,Docker-Tutorial-PPT.pdf,PPT,109,4.352
387,DoD-Risk-Management-Guide-EBOOK.pdf,BOOK,96,3.223
388,DSA2-NOTES.pdf,NOTES,166,1.183
389,DSA-Preparation-BinaryTree-NOTES.pdf,NOTES,7,0.695
390,DSI-Guide-15-Key-Pandas-Concepts-For-Data-Science-GUIDE.pdf,GUIDE,3,0.469
391,DS-Portfolio-101-PPT.pdf,PPT,25,1.12
392,DS-Review-Refresher-EBOOK.pdf,BOOK,52,7.46
393,Dynamical-Systems-with-Applications-using-Python-EBOOK.pdf,BOOK,812,85.026
394,Easy-and-Quick-guide-to-Statistics-of-Machine-Learning-GUIDE.pdf,GUIDE,112,1.843
395,EDA-the-right-way-BOOK.pdf,BOOK,111,2.68
396,Efficient-Learning-Machines-BOOK.pdf,BOOK,263,8.12
397,Eigenvalues-and-Eigenvectors-PPT.pdf,PPT,129,2.826
398,Email-Sentences-and-Phrases-in-Different-Situations-GUIDE.pdf,GUIDE,11,0.427
399,Email-Writing-Basic-Tips-for-Beginners-GUIDE.pdf,GUIDE,11,0.472
400,Email-Writing-Tipis-GUIDE.pdf,GUIDE,9,0.492
401,ENISA-Good-Practices-for-Security-of-IoT-REPORT.pdf,REPORT,132,3.84
402,Ensemble-Learning-PPT.pdf,PPT,26,1.0
403,Enterprise-Architecture-Practice-on-a-Page-GUIDE.pdf,GUIDE,1,0.448
404,Enterprise-generative-AI-adoption-NOTES.pdf,NOTES,8,9.875
405,Essentials-of-Business-Analytics-BOOK.pdf,BOOK,971,13.854
406,Evaluating-ML-Model-BOOK.pdf,BOOK,59,9.192
407,Evaluation-Metrics-for-Regression-Models-GUIDE.pdf,GUIDE,15,0.355
408,Everything-You-Wanted-to-Know-About-Mathematics-EBOOK.pdf,BOOK,300,1.622
409,Excel2010-byTP-BOOK.pdf,BOOK,179,6.148
410,Excel-Advanced-Excel-Charts-byTP-BOOK.pdf,BOOK,120,4.066
411,Excel-charts-TP-BOOK.pdf,BOOK,177,23.102
412,Excel-Data-Analysis-Modeling-and-Simulation-EBOOK.pdf,BOOK,353,11.015
413,Excel-Data-Analysis-TP-BOOK.pdf,BOOK,558,24.42
414,Excel-Formulas-Bible-NOTES.pdf,NOTES,66,1.156
415,Excel-Formulas-NOTES.pdf,NOTES,12,0.227
416,Excel-macros-byTutorialPoint-BOOK.pdf,BOOK,117,4.904
417,Excel-power-pivot-byTP-BOOK.pdf,BOOK,159,6.808
418,Excel-This-isnt-excel-it-is-magic-BOOK.pdf,BOOK,214,14.053
419,Executive-Data-Science-GUIDE.pdf,GUIDE,150,1.922
420,Expert-s-Way-To-Search-On-Google-NOTES.pdf,NOTES,21,3.221
421,Expert-Systems-with-Applications-REPORT.pdf,REPORT,21,0.189
422,Explainable-AI-Definition-and-Use-Case-PPT.pdf,PPT,12,0.426
423,Explaining-decisions-made-with-AI-BOOK.pdf,BOOK,136,2.113
424,Exploring-Data-Science-BOOK.pdf,BOOK,189,7.045
425,Exponential-Families-in-Theory-Practice-EBOOK.pdf,BOOK,137,5.494
426,Feature-Engineering-in-ML-explained-in-simple-terms-and-how-to-implement-it-NOTES.pdf,NOTES,3,0.037
427,Feature-Engineering-Made-Easy-BOOK.pdf,BOOK,310,5.93
428,Feature-Engineering-PPT.pdf,PPT,76,0.818
429,Fighting-depression-and-mental-illness-with-AI-NOTES.pdf,NOTES,7,0.666
430,Financial-Machine-Learning-EBOOK.pdf,BOOK,159,4.693
431,Financial-Modeling-GUIDE.pdf,GUIDE,5,2.62
432,Financial-Risk-Modelling-and-Portfolio-optimization-with-R-EBOOK.pdf,BOOK,449,4.502
433,Finetuning-LLMs-PPT.pdf,PPT,7,2.257
434,FinOps-with-Azure-REPORT.pdf,REPORT,20,8.171
435,Flask-API-PPT.pdf,PPT,8,0.579
436,Flask-Web-Development-Developing-BOOK.pdf,BOOK,258,8.437
437,Fluent-python-BOOK.pdf,BOOK,751,17.527
438,Foundation-of-data-Science-from-Microsoft-lab-EBOOK.pdf,BOOK,479,2.378
439,Foundations-of-Data-Science-REPORT.pdf,REPORT,39,0.785
440,Foundations-of-Machine-Learning-Lecture-NOTES.pdf,NOTES,120,2.206
441,Foundations-of-Quantum-Mechanics-PPT.pdf,PPT,212,30.477
442,Foundations-of-Reinforcement-Learning-with-Applications-in-Finance-by-AswinRao-BOOK.pdf,BOOK,602,9.066
443,FourthBrain-MLE-Jan2022-SYLLABUS.pdf,SYLLABUS,10,0.249
444,Free-ML-AI-resources-by-DeepMind-LINKS.pdf,LINKS,6,0.089
445,Frontend-Developer-ROADMAP-TOC.pdf,TOC,6,1.977
446,Fundamental-of-Power-Electronics-EBOOK.pdf,BOOK,882,69.098
447,Fundamentals-of-Deep-Learning-byNikhil-BOOK.pdf,BOOK,298,15.19
448,Fundamentals-of-Deep-Learning-EBOOK.pdf,BOOK,288,13.052
449,fundamentals-of-mlops-REPORT.pdf,REPORT,17,0.892
450,Fundamentals-Of-Statistics-For-Data-Scientists-ARTC.pdf,ARTC,42,2.234
451,Fundamental-Value-in-Crypto-REPORT.pdf,REPORT,20,2.374
452,GamesPad-Research-Paper-NEW.pdf,NEW,44,26.528
453,GDPR-Developer-Guide-PPT.pdf,PPT,3,0.531
454,GDPR-Gap-Analysis-PPT.pdf,PPT,17,0.419
455,Generative-AI-How-Chatgpt-Will-Revolutionize-Business-EBOOK.pdf,BOOK,211,5.312
456,Generative-AI-NOTES.pdf,NOTES,4,0.376
457,Generative-AI-Who-(or-What)-Wrote-This-ARTC.pdf,ARTC,14,1.342
458,Generative-Artificial-Intelligence-in-Finance-NOTES.pdf,NOTES,24,0.647
459,Genetic-Algorithms-and-Machine-Learning-for-Programmers-EBOOK.pdf,BOOK,234,14.309
460,Gen-Z-and-the-Metaverse-REPORT.pdf,REPORT,19,23.333
461,Getting-Analytics-Right-REPORT.pdf,REPORT,43,11.953
462,Getting-Started-with-Artificial-Intelligence-REPORT.pdf,REPORT,85,3.979
463,Getting-Started-With-Tensorflow-BOOK.pdf,BOOK,178,4.739
464,Getting-Your-First-Job-in-Data-Science-REPORT.pdf,REPORT,76,2.561
465,GitLab-NOTEBOOK.pdf,NOTEBOOK,13,2.635
466,Git-Tutorial-Book-GUIDE.pdf,GUIDE,195,2.569
467,Git-Vs-GitHub-PPT.pdf,PPT,9,0.295
468,GNN-based-Fraud-Detection-PPT.pdf,PPT,22,1.718
469,Going-Pro-in-Data-Science-EBOOK.pdf,BOOK,59,11.019
470,Google-Cloud-Adoption-Framework-GUIDE.pdf,GUIDE,35,2.348
471,Governing-The-Metaverse-REPORT.pdf,REPORT,38,6.634
472,Graph-Algorithms-Spark-Neo4j-BOOK.pdf,BOOK,266,21.573
473,Graph-Database-for-Beginners-GUIDE.pdf,GUIDE,46,5.295
474,GraphDatabase-ML-PPT.pdf,PPT,27,1.492
475,Graph-Representation-Learning-BOOK.pdf,BOOK,141,2.414
476,Graph-Theory-with-Applications-by-BondyMurty-BOOK.pdf,BOOK,270,18.538
477,Grokking-Algorithms-BOOK.pdf,BOOK,258,24.816
478,GS-Navigating-the-AI-Era-REPORT.pdf,REPORT,13,2.269
479,Guide-to-Crack-Product-Based-Companies-GUIDE.pdf,GUIDE,4,0.303
480,Guide-to-Machine-Learning-Pipelines-GUIDE.pdf,GUIDE,27,1.816
481,Handbook-for-AWS-Admin-HANDBOOK.pdf,HANDBOOK,112,6.4
482,Handbook-of-AI-and-Big-Data-Applications-in-Investments-EBOOK.pdf,BOOK,164,13.473
483,Handbook-of-Formulae-and-Constants-GUIDE.pdf,GUIDE,43,0.619
484,HandbookOfTheLifeCourse-EBOOK.pdf,BOOK,718,4.566
485,Hands-On-Data-Preprocessing-in-Python-by-RoyJafari-EBOOK.pdf,BOOK,602,48.478
486,Hands-on-machine-Gueron-BOOK.pdf,BOOK,268,22.98
487,"Hands-on-Machine-Learning-with-Scikit-Learn,-Keras-TensorFlow-BOOK.pdf",BOOK,1150,66.424
488,Hands-On-Machine-Learning-with-Scikit-Learn-and-TensorFlow-BOOK.pdf,BOOK,564,7.201
489,Hands-On-Python-Tutorial-BOOK.pdf,BOOK,207,1.215
490,Hands-on-Sentiment-Analysis-with-ChatGPT+Classification-NOTEBOOK.pdf,NOTEBOOK,15,1.567
491,Handwritten-Mongodb-NOTES.pdf,NOTES,82,23.09
492,Harvard-Business-Review-Reskilling-in-the-age-of-AI-EBOOK.pdf,BOOK,161,44.949
493,Hidden-Markov-Model-CHAPTER.pdf,CHAPTER,21,0.655
494,Hierarchical-Clustering-Dendrograms-NOTES.pdf,NOTES,15,0.255
495,Hierarchical-Clustering-Dendrograms-REPORT.pdf,REPORT,15,0.255
496,Hierarchical-Clustering-in-Machine-Learning-NOTES.pdf,NOTES,7,0.076
497,Highlights-of-Calculus-CHAPTER.pdf,CHAPTER,52,0.517
498,High-Performance-Python-Practical-Performant-Programming-for-Humans-EBOOK.pdf,BOOK,469,10.551
499,How-data-science-is-transforming-health-care-ARTC.pdf,ARTC,29,9.625
500,How-Far-Are-LLM-From-Agents-with-Theory-of-Mind-ARTC.pdf,ARTC,18,0.747
501,How-to-apply-machine-learning-to-demand-forecasting-ARTC.pdf,ARTC,17,1.075
502,How-to-Build-a-Career-in-AI-EBOOK.pdf,BOOK,41,3.545
503,How-to-Choose-the-Right-Data-Visualization-GUIDE.pdf,GUIDE,27,0.465
504,How-to-Create-an-AI-Center-of-Excellence-for-Enterprise-ARTC.pdf,ARTC,16,9.903
505,How-to-forecast-Time-Series-Data-using-Deep-Learning-ARTC.pdf,ARTC,7,0.257
506,How-to-integrate-Jenkins-with-docker-GUIDE.pdf,GUIDE,19,1.489
507,How-to-Read-Paper-GUIDE.pdf,GUIDE,3,0.071
508,How-to-Read-the-abstract-GUIDE.pdf,GUIDE,1,0.033
509,How-to-setup-CICD-Pipeline-HANDBOOK.pdf,HANDBOOK,11,0.791
510,How-to-Write-A-Business-Plan-GUIDE.pdf,GUIDE,38,0.255
511,How-to-write-a-professional-emails-in-English-EBOOK.pdf,BOOK,27,8.319
512,How-to-Write-a-Thesis-A-Working-GUIDE.pdf,GUIDE,29,0.235
513,HypothesisTesting-NOTES.pdf,NOTES,137,5.373
514,Hypothesis-Testing-PPT.pdf,PPT,14,1.002
515,IIOTIndustry4.0-BOOK.pdf,BOOK,267,7.573
516,Important-GIT-Commands-GUIDE.pdf,GUIDE,7,0.149
517,Improving-Deep-Neural-Networks-NOTES.pdf,NOTES,37,1.163
518,Improving-ICS-Cybersecurity-with-Defense-In-Depth-Strategies-REPORT.pdf,REPORT,58,6.098
519,India-e-Conomy-2023-PPT.pdf,PPT,103,4.625
520,India-NationalStrategy-for-AI-Discussion-PAPER.pdf,PAPER,114,4.401
521,"Information-Theory,-Inference,-and-Learning-Algorithms-BOOK.pdf",BOOK,640,11.134
522,Instruction-FineTuning-Pipeline-Methodology-REPORT.pdf,REPORT,11,6.245
523,"Intech-Machine-Learning-Algorithms,-Models-and-Applications-REPORT.pdf",REPORT,154,6.323
524,Intelligent-Automation-Simplified-EBOOK.pdf,BOOK,228,3.623
525,Interactive-Linear-Algebra-Georgia-Tech-EBOOK.pdf,BOOK,300,3.409
526,Intermediate-Python-EBOOK.pdf,BOOK,75,1.17
527,Introducing-Microsoft-Power-BI-BOOK.pdf,BOOK,299,7.65
528,Introducing-MLOps-BOOK.pdf,BOOK,185,9.057
529,Introduction-to-algorithm-by-MIT-Press-BOOK.pdf,BOOK,984,12.511
530,Introduction-to-algorithms-3rd-Edition-BOOK.pdf,BOOK,1313,5.37
531,Introduction-to-Applied-Linear-Algebra-BOOK.pdf,BOOK,473,7.472
532,Introduction-to-Data-Mining-BOOK.pdf,BOOK,866,13.771
533,"Introduction-to-Data-Science-A-Python-Approach-to-Concepts,-Tech-and-Apps-EBOOK.pdf",BOOK,227,6.875
534,Introduction-to-Deep-Learning-MIT-PPT.pdf,PPT,106,10.342
535,Introduction-to-Deep-Learning-Model-PPT.pdf,PPT,100,5.863
536,Introduction-to-Differential-Geometry-EBOOK.pdf,BOOK,300,2.168
537,Introduction-to-Docker-and-Docker-Swarm-PPT.pdf,PPT,110,6.353
538,Introduction-to-DS-PPT.pdf,PPT,196,23.199
539,Introduction-to-Econometrics-with-R-EBOOK.pdf,BOOK,409,4.333
540,Introduction-to-GitHub-Action-PPT.pdf,PPT,20,3.786
541,Introduction-to-Information-Security-Generated-by-ChatGPT-GUIDE.pdf,GUIDE,11,0.126
542,Introduction-to-JSON-EBOOK.pdf,BOOK,33,0.323
543,Introduction-to-Machine-Learning-EBOOK.pdf,BOOK,234,10.283
544,Introduction-to-Machine-Learning-with-Python-BOOK.pdf,BOOK,392,31.622
545,Introduction-to-Matrix-Algebra-EBOOK.pdf,BOOK,176,0.46
546,Introduction-to-Modern-Statistics-by-Mine-and-Johanna-Hardin-EBOOK.pdf,BOOK,549,49.185
547,Introduction-to-PowerBI-NOTES.pdf,NOTES,127,5.068
548,Introduction-to-Probability-and-Statistics-for-Engineers-and-Scientists-BOOK.pdf,BOOK,730,7.523
549,Introduction-to-Probability-Course-EBOOK.pdf,BOOK,284,2.041
550,Introduction-to-Probability-for-Data-Science-BOOK.pdf,BOOK,709,18.443
551,Introduction-to-Programming-Concepts-with-Case-Studies-in-Python-EBOOK.pdf,BOOK,226,4.895
552,Introduction-to-Programming-in-Python-TOOL.pdf,TOOL,63,0.386
553,Introduction-To-Scientific-Programming-with-Python-BOOK.pdf,BOOK,157,1.756
554,Introduction-To-Scientific-Program-with-Python-EBOOK.pdf,BOOK,157,1.873
555,Introduction-to-Six-Sigma-PPT.pdf,PPT,299,8.581
556,Introduction-to-Statistical-Learning-TOC.pdf,TOC,11,0.215
557,Introduction-to-Statistics-and-Data-Analysis-BOOK.pdf,BOOK,457,8.526
558,Introductory-Business-Statistics-with-Interactive-Spreadsheets-BOOK.pdf,BOOK,110,1.345
559,Intro-scientific-programming-EBOOK.pdf,BOOK,157,1.9
560,Intro-to-Probability-for-Data-Science-BOOK.pdf,BOOK,297,8.83
561,JavaScript-Handwritten-HANDNOTE.pdf,HANDNOTE,50,7.753
562,JavaScript-PPT.pdf,PPT,78,0.645
563,Jenkins-from-Scratch-NOTES.pdf,NOTES,95,6.838
564,Jira-Essentials-For-Product-Owners-NOTES.pdf,NOTES,24,7.999
565,Jumpstart-Tableau-BOOK.pdf,BOOK,388,60.688
566,Kaggle-State-of-Machine-Learning-Data-Science-2021-PPT.pdf,PPT,45,4.12
567,Kanban-vs-Scrum-NOTES.pdf,NOTES,40,4.037
568,KDD-2020-Technical-Program-CONFERENCE.pdf,CONFERENCE,28,1.485
569,Keyboard-Shortcuts-for-Data-Scientists-GUIDE.pdf,GUIDE,202,5.126
570,K-Means-Clustering-Algorithm-Intuition-HANDNOTE.pdf,HANDNOTE,19,2.973
571,K-Means-Clustering-Algorithm-NOTES.pdf,NOTES,12,13.598
572,Knell-2014-Introductory-R-sample-chapters-EBOOK.pdf,BOOK,108,6.026
573,Knowledge-Graphs-Data-in-Context-Responsive-REPORT.pdf,REPORT,87,7.164
574,Kubernetes-Introduction-PPT.pdf,PPT,50,1.187
575,Kubernetes-PPT.pdf,PPT,160,1.709
576,Lambda-Function-in-Python-PPT.pdf,PPT,8,0.778
577,Lambda-PPT.pdf,PPT,7,0.352
578,Language-Models-and-Knowledge-PPT.pdf,PPT,137,3.281
579,LaTex-Emoji-Printing-GUIDE.pdf,GUIDE,136,1.111
580,Latex-for-complete-novices-EBOOK.pdf,BOOK,273,2.063
581,Latex-Maths-for-Undergrad-GUIDE.pdf,GUIDE,2,0.416
582,Learn-DSA-YouTube-PPT.pdf,PPT,8,0.29
583,Learning-Apache-Spark-with-Python-EBOOK.pdf,BOOK,507,14.973
584,Learning-Django-EBOOK.pdf,BOOK,228,1.672
585,Learning-Jenkins-EBOOK.pdf,BOOK,39,1.518
586,Learning-OpenCV-3-Computer-Vision-with-Python-BOOK.pdf,BOOK,266,4.661
587,Learning-Pandas-BOOK.pdf,BOOK,435,63.276
588,Learning-Predictive-Analytics-with-Python-BOOK.pdf,BOOK,350,4.907
589,Learning-Professional-Python-EBOOK.pdf,BOOK,271,14.028
590,Learning-PySpark-BOOK.pdf,BOOK,273,7.5
591,Learning-SQL-book-from-Stakeoverlow-EBOOK.pdf,BOOK,221,0.912
592,Learning-the-parts-of-Objects-by-Non-negative-Matrix-Factorization-ARTC.pdf,ARTC,4,0.206
593,Learning-to-Love-Data-Science-EBOOK.pdf,BOOK,159,2.189
594,Learn-Keras-for-Deep-Neural-Networks-BOOK.pdf,BOOK,192,2.689
595,Learn-Python-in-One-Day-and-Learn-It-Well-EBOOK.pdf,BOOK,132,0.529
596,Learn-Python-Simple-Way-NOTEBOOK.pdf,NOTEBOOK,299,12.413
597,Learn-Python-the-Hard-Way1-EBOOK.pdf,BOOK,100,1.307
598,Learn-Python-the-hard-way-EBOOK.pdf,BOOK,293,3.396
599,Learn-SQL-in-One-Day-and-Learn-it-Well-EBOOK.pdf,BOOK,175,2.238
600,Learn-Tabluea-in-30days-REPORT.pdf,REPORT,62,8.823
601,Lecture-Notes-in-Machine-Learning-TEXTBOOK.pdf,TEXTBOOK,226,1.246
602,Lecture-Notes-on-Probability-and-Statistics-NOTES.pdf,NOTES,126,1.867
603,Lectures-on-Optimization-Methods-for-ML-NOTES.pdf,NOTES,583,10.297
604,Levels-of-AGI-Operationalizing-Progress-on-the-Path-to-AGI-EBOOK.pdf,BOOK,19,0.446
605,Linear-Algebra-Abstract-Mathematics-EBOOK.pdf,BOOK,254,1.211
606,Linear-Algebra-a-Powerful-Tool-in-Data-Science-ARTC.pdf,ARTC,6,2.138
607,Linear-Algebra-As-an-Introduction-to-Abstract-Mathematics-TEXTBOOK.pdf,TEXTBOOK,254,1.211
608,Linear-Algebra-BOOK.pdf,BOOK,436,5.623
609,Linear-Algebra-Done-Right-EBOOK.pdf,BOOK,408,6.535
610,Linear-Algebra-PPT.pdf,PPT,62,4.25
611,Linear-Regression1-PPT.pdf,PPT,18,0.422
612,Linear-Regression2-PPT.pdf,PPT,187,7.773
613,Linear-Regression-PPT.pdf,PPT,24,0.788
614,Linux-1-EBOOK.pdf,BOOK,90,0.317
615,Linux-Kernel-CrashBook-EBOOK.pdf,BOOK,182,4.901
616,Little-Book-of-Business-Analysis-REPORT.pdf,REPORT,69,1.552
617,LLM-Fine-tuning-(OpenAI)-HANDNOTE.pdf,HANDNOTE,3,3.018
618,LLM-for-Enterprises-April-2023-PPT.pdf,PPT,77,4.659
619,LLM-GUIDE.pdf,GUIDE,10,0.387
620,Local-minima-in-gradient-descent-by-Anusha-M-PPT.pdf,PPT,15,6.827
621,"Logistic-Regression-A-Self-learning-Text,-Third-Edition-BOOK.pdf",BOOK,709,11.436
622,Logistic-Regression-CHAPTER.pdf,CHAPTER,30,0.28
623,Loss-Functions-and-Metrics-PPT.pdf,PPT,56,5.15
624,Machine+Learning+Dev+Ops+Engineer+Nanodegree+Program-TOC.pdf,TOC,16,0.961
625,"Machine-and-Deep-Learning-Lecture-Notes-C229,-Stanford-TEXTBOOK.pdf",TEXTBOOK,226,3.518
626,Machine-Learning-1s-Course-for-Engineers-and-Scientists-BOOK.pdf,BOOK,275,11.336
627,Machine-Learning-and-data-mining-Lecture-NOTES.pdf,NOTES,134,2.575
628,Machine-Learning-and-Security-Protecting-Systems-with-Data-and-Algorithms-BOOK.pdf,BOOK,385,4.224
629,Machine-Learning-Applications-In-Supply-Chain-Management-EBOOK.pdf,BOOK,106,3.141
630,Machine-learning-based-inventory-optimization-respecting-supplier-order-line-fees-EBOOK.pdf,BOOK,69,1.494
631,Machine-Learning-Basic-concepts-PPT.pdf,PPT,70,2.714
632,Machine-Learning-Cards-PPT.pdf,PPT,25,0.85
633,Machine-Learning-Data-Mining-Lecure-NOTES.pdf,NOTES,134,1.596
634,Machine-Learning-Deep-learning-Artificial-Intelligence-Data-Science-PPT.pdf,PPT,28,2.229
635,Machine-Learning-Engineering-in-Action-EBOOK.pdf,BOOK,578,26.384
636,Machine-Learning-For-Absolute-Beginners-EBOOK.pdf,BOOK,128,2.637
637,Machine-Learning-for-Everyone-GUIDE.pdf,GUIDE,35,5.313
638,Machine-Learning-for-Humans-EBOOK.pdf,BOOK,97,14.757
639,Machine-Learning-From-Scratch-REPORT.pdf,REPORT,109,1.083
640,Machine-Learning-Generative-and-Discriminative-Models-PPT.pdf,PPT,43,0.805
641,Machine-Learning-God-byStefanStavrev-BOOK.pdf,BOOK,104,1.807
642,Machine-Learning-Handwritten-NOTES.pdf,NOTES,113,16.991
643,Machine-Learning-in-Big-Data-PAPER.pdf,PAPER,10,0.334
644,Machine-Learning-in-Python-Essential-Techniques-BOOK.pdf,BOOK,361,13.354
645,Machine-Learning-NOTEBOOK.pdf,NOTEBOOK,120,4.916
646,Machine-Learning-Performance-Evaluation-PPT.pdf,PPT,27,0.671
647,Machine-Learning-plus-Intelligent-Optimization-full-BOOK.pdf,BOOK,516,34.714
648,Machine-Learning-Projects-in-Python-GUIDE.pdf,GUIDE,135,1.996
649,Machine-Learning-Q-and-AI-InterviewQ-EBOOK.pdf,BOOK,82,3.171
650,Machine-Learning-Step-by-Step-Guide-To-Implement-Machine-Learning-Algorithms-with-Python-EBOOK.pdf,BOOK,103,1.585
651,Machine-Learning-Strategies-for-Time-Series-Prediction-PPT.pdf,PPT,132,1.301
652,Machine-Learning-The-Basics-Nov-2023-TEXTBOOK.pdf,TEXTBOOK,289,3.772
653,Machine-learning-with-limited-data-GUIDE.pdf,GUIDE,57,1.43
654,Machine-Learning-With-Python-For-Everyone-EBOOK.pdf,BOOK,588,9.005
655,Machine-Learning-with-Python-for-Everyone-GUIDE.pdf,GUIDE,77,2.101
656,Machine-Learning-With-Python-GUIDE.pdf,GUIDE,167,3.925
657,Machine-Learning-with-Python-TOC.pdf,TOC,8,1.03
658,Machine-Learning-Yearning-by-AndrewNG-BOOK.pdf,BOOK,118,4.012
659,Machine-Learnin-NOTES.pdf,NOTES,118,0.571
660,Machine-Lerning-for-Everyone-NOTES.pdf,NOTES,35,5.369
661,Machine-Unlearning-in-LLMs-In-Context-Unlearning-ARTC.pdf,ARTC,16,12.926
662,Make-AI-BI-Work-at-Scale-by-15Leaders-BOOK.pdf,BOOK,94,3.703
663,Malware-Reverse-Engineering-HANDBOOK.pdf,HANDBOOK,56,4.902
664,Manning-Deep-Reinforcement-Learning-in-Action-BOOK.pdf,BOOK,351,8.641
665,Manual-For-Data-Science-Projects-Dutch-Analytics-MANUAL.pdf,MANUAL,21,1.104
666,Manual-For-Data-Science-Projects-NOTES.pdf,NOTES,21,1.104
667,MapReduce-in-detail-PPT.pdf,PPT,55,1.732
668,Mastering-blockchain-EBOOK.pdf,BOOK,869,11.594
669,Mastering-Generative-AI-and-Prompt-Engineering-EBOOK.pdf,BOOK,42,1.712
670,Mastering-Linear-Regression-with-Statsmodels-ARTC.pdf,ARTC,38,5.88
671,Mastering-Machine-Learning-with-Python-in-Six-Steps-BOOK.pdf,BOOK,374,9.601
672,Mastering-Machine-Learning-with-scikit-learn-BOOK.pdf,BOOK,238,3.858
673,Mastering-Matplotlib-TOOL.pdf,TOOL,292,9.099
674,Mastering-Pandas-BOOK.pdf,BOOK,364,20.506
675,Mastering-Pandas-for-Finance-BOOK.pdf,BOOK,298,6.854
676,Mastering-Python-For-Data-Science-BOOK.pdf,BOOK,294,5.605
677,Mastering-Python-Regular-Expressions-BOOK.pdf,BOOK,110,1.048
678,Master-SQL-in-16-Pages-GUIDE.pdf,GUIDE,16,0.737
679,Master-SQL-in-16-Pages-NOTES.pdf,NOTES,16,0.737
680,Master-these-9-areas-to-excel-as-an-LLM-expert-NOTES.pdf,NOTES,11,0.219
681,MATH10282-Introduction-to-Statistics-Lecture-NOTES.pdf,NOTES,50,1.12
682,Mathematical-Foundations-of-Data-Sciences-BOOK.pdf,BOOK,294,38.025
683,Mathematical-Physics-A-Modern-Introduction-to-Its-Foundations-EBOOK.pdf,BOOK,1198,9.671
684,Mathematical-Statistics-with-Resampling-and-R-BOOK.pdf,BOOK,434,6.481
685,Mathematics-for-Machine-Learning-BOOK.pdf,BOOK,248,14.295
686,Mathematics-for-Machine-Learning-NOTES.pdf,NOTES,47,0.678
687,Mathematics-Handbook-of-formulas-HANDBOOK.pdf,HANDBOOK,221,15.012
688,Mathematics-of-Machine-Learning-TEXTBOOK.pdf,TEXTBOOK,156,5.471
689,Math-for-Machine-Learning-Book-Preview-NOTES.pdf,NOTES,43,0.692
690,Math-of-Deep-Learning-Neural-Networks-REPORT.pdf,REPORT,9,2.179
691,Math-of-ML-NOTEBOOK.pdf,NOTEBOOK,194,3.053
692,Matlab-and-Mathcad-EBOOK.pdf,BOOK,136,5.904
693,Matlab-Deep-Learning-EBOOK.pdf,BOOK,162,3.638
694,Matplotlib-for-Python-Developers-TOOL.pdf,TOOL,308,7.561
695,Maximum-Likelihood-Estimation-CHAPTER.pdf,CHAPTER,24,0.253
696,Metaverse-MarketReport-REPORT.pdf,REPORT,28,3.748
697,Methods-of-Applied-Mathematics-EBOOK.pdf,BOOK,279,1.266
698,Microsoft-.NET-Framework-4.5-Quickstart-Cookbook-BOOK.pdf,BOOK,226,11.386
699,Microsoft-Azure-Essentials-GUIDE.pdf,GUIDE,240,7.659
700,Microsoft-Azure-Handbook-GUIDE.pdf,GUIDE,132,13.055
701,Microsoft-Excel-&-Data-Analysis-NOTES.pdf,NOTES,160,25.887
702,Microsoft-Excel-step-by-step-guide-NOTES.pdf,NOTES,57,1.979
703,Microsoft-MLOps-Maturity-Models-GUIDE.pdf,GUIDE,7,0.744
704,Microsoft-Power-BI-REPORT.pdf,REPORT,47,1.772
705,MicrosoftPress-Azure-Automation-EBOOK.pdf,BOOK,116,3.979
706,MicrosoftPress-Azure-Machine-Learning-EBOOK.pdf,BOOK,240,7.19
707,MicrosoftPress-Azure-Web-Apps-for-Developers-EBOOK.pdf,BOOK,126,6.378
708,MicrosoftPress-Building-Cloud-Apps-with-Microsoft-Azure-EBOOK.pdf,BOOK,201,7.284
709,MicrosoftPress-CreatingMobileAppswithXamarinForms-EBOOK.pdf,BOOK,1187,56.047
710,MicrosoftPress-Data-Science-with-Microsoft-SQL-Server-2016.-EBOOK.pdf,BOOK,90,7.154
711,MicrosoftPress-Developing-Business-Intelligence-Apps-for-SharePoint-BOOK.pdf,BOOK,591,39.707
712,MicrosoftPress-Introducing-Azure-EBOOK.pdf,BOOK,142,8.006
713,MicrosoftPress-Introducing-HDInsight-EBOOK.pdf,BOOK,133,7.519
714,MicrosoftPress-Introducing-Microsoft-SQL-Server-2014-EBOOK.pdf,BOOK,144,8.087
715,MicrosoftPress-Introducing-Power-BI-EBOOK.pdf,BOOK,189,12.422
716,MicrosoftPress-Introducing-Windows-10-EBOOK.pdf,BOOK,201,15.81
717,MicrosoftPress-Introducing-Windows-ITPro-EBOOK.pdf,BOOK,143,10.855
718,MicrosoftPress-Managing-Agile-Software-Projects-EBOOK.pdf,BOOK,157,11.628
719,MicrosoftPress-Microsoft-Platform-and-Tools-for-Mobile-App-Development-EBOOK.pdf,BOOK,67,4.672
720,MicrosoftPress-NET-Technology-Guide-for-Business-Applications-EBOOK.pdf,BOOK,74,7.465
721,MicrosoftPress-Programming-Windows-8-Apps-HTML-CSS-JavaScript-2E-EBOOK.pdf,BOOK,1311,30.168
722,Microsoft-Security-Best-Practices-GUIDE.pdf,GUIDE,265,9.563
723,Microsoft-System-Center-Deploying-HyperV-with-Software-Defined-Storage-and-Networking-BOOK.pdf,BOOK,239,6.73
724,Migrating-BigData-Analytics-into-the-Cloud-REPORT.pdf,REPORT,16,2.967
725,Mining-Of-Massive-Datasets-BOOK.pdf,BOOK,513,2.864
726,Missing-Values-NOTES.pdf,NOTES,16,0.546
727,ML-applications-in-marketing-PPT.pdf,PPT,16,0.844
728,ML-applications-in-retail-PPT.pdf,PPT,16,0.925
729,ML-for-Absolute-Beginners-REPORT.pdf,REPORT,57,0.739
730,ML-for-Beginners-EBOOK.pdf,BOOK,128,2.628
731,ML-for-Financial-Markets-REPORT.pdf,REPORT,15,0.865
732,MLOps-and-data-versioning-in-ML-Projects-ARTC.pdf,ARTC,23,1.258
733,MLOps-Continuous-Delivery-for-ML-on-AWS-GUIDE.pdf,GUIDE,69,4.466
734,MLOps-Guide-from-Google-GUIDE.pdf,GUIDE,37,7.603
735,MLOps-in-Microsoft-REPORT.pdf,REPORT,6,0.73
736,MLOps-Maturity-Model-Guide-GUIDE.pdf,GUIDE,6,0.73
737,MLOps-Playbook-PPT.pdf,PPT,57,0.834
738,ML-Public-Datasets-NOTES.pdf,NOTES,39,1.276
739,Models-of-Learning-and-Optimization-for-Data-Scientists-NOTEBOOK.pdf,NOTEBOOK,96,9.989
740,Modern-data-warehouse-and-when-do-you-need-one-by-Agile-Data-Engine-ADE-EBOOK.pdf,BOOK,21,0.812
741,Modern-Statistics-with-R-EBOOK.pdf,BOOK,580,2.077
742,Modern-Stats-with-R-EBOOK.pdf,BOOK,580,2.077
743,Monetizing-Machine-Learning-Quickly-Turn-Python-ML-Ideas-Into-Web-Applications-on-the-Serverless-Cloud-EBOOK.pdf,BOOK,510,22.289
744,MongoDB-Basics-PPT.pdf,PPT,127,16.385
745,MongoDB-Handwritten-NOTES.pdf,NOTES,82,23.09
746,Move-your-data-science-to-production-Saturn-Cloud-REPORT.pdf,REPORT,29,2.354
747,MySQL-Notes-For-Professionals-BOOK.pdf,BOOK,199,1.875
748,Naive-Bayes-NOTES.pdf,NOTES,14,7.258
749,National-Strategy-for-Artificial-Intelligence-AI-NOTES.pdf,NOTES,2,0.107
750,Natural-Language-Processing-Recipes-BOOK.pdf,BOOK,253,3.809
751,Natural-Language-Processing-with-Python-BOOK.pdf,BOOK,505,3.47
752,Natural-Language-Processing-with-PyTorch-EBOOK.pdf,BOOK,210,16.306
753,Neo4j-Graph-Algorithms-BOOK.pdf,BOOK,257,9.786
754,Neural-Networks-And-Deep-Learning-BOOK.pdf,BOOK,512,11.489
755,Neural-Networks-and-Deep-Learning-EBOOK.pdf,BOOK,224,5.785
756,Neural-Networks-NOTE.pdf,NOTE,26,0.944
757,Nine-Emerging-Python-Libraries-for-Data-Science-NOTES.pdf,NOTES,6,1.837
758,NLI-Tutorial-PPT.pdf,PPT,181,9.463
759,NLP-1-NOTES.pdf,NOTES,80,0.445
760,NLP-Metrics-REPORT.pdf,REPORT,10,0.286
761,NLP-Panini-Perspective-BOOK.pdf,BOOK,224,1.368
762,Nodejs-Handwritten-NOTES.pdf,NOTES,87,32.618
763,Numerical-Python-a-Practical-Techniques-Approach-for-Industry-BOOK.pdf,BOOK,503,11.597
764,OLAP-vs-OLTP-PPT.pdf,PPT,44,0.29
765,OLTP-vs-OLAP-ARTC.pdf,ARTC,7,0.163
766,OOPs-Hand-NOTES.pdf,NOTES,21,3.157
767,OpenCV-computer-vision-NOTES.pdf,NOTES,14,3.515
768,Open-Data-Structures-An-Introduction-BOOK.pdf,BOOK,337,4.382
769,Open-Data-Structures-BOOK.pdf,BOOK,201,1.263
770,Optimization-for-Machine-Learning-NOTES.pdf,NOTES,45,8.852
771,Outlier-Detection-PPT.pdf,PPT,73,1.415
772,Over-100-Data-and-Analytics-Predictions-Through-2025-ARTC.pdf,ARTC,31,0.348
773,Pandas100-GUIDE.pdf,GUIDE,60,0.9
774,Pandas-Powerful-Python-data-analysis-NOTEBOOK.pdf,NOTEBOOK,3605,14.682
775,Parameter-vs-Statistics-PPT.pdf,PPT,11,0.101
776,"Patterns,-Predictions,-And-Action-A-story-about-Machine-Learning-BOOK.pdf",BOOK,300,2.423
777,PC-Architecture-BOOK.pdf,BOOK,300,6.799
778,PGD-in-Cyber-Security-Digital-Forensics-EBOOK.pdf,BOOK,227,4.922
779,Phynance-TOC.pdf,TOC,4,0.051
780,Physics-based-Deep-Learning-EBOOK.pdf,BOOK,220,5.735
781,Policy-brief-Crypto-web3-and-the-metaverse-REPORT.pdf,REPORT,17,2.183
782,Policy-Brief-Generative-AI-NOTES.pdf,NOTES,43,3.201
783,Polynomial-Linear-Regression-NOTES.pdf,NOTES,39,1.269
784,Postman-GUIDE.pdf,GUIDE,24,1.804
785,Postman-NOTEBOOK.pdf,NOTEBOOK,24,1.804
786,Power-BI-for-Beginners-NOTES.pdf,NOTES,21,1.622
787,Power-BI-GUIDE.pdf,GUIDE,44,1.558
788,PowerBI-Step-by-step-training-GUIDE.pdf,GUIDE,73,7.964
789,Power-BI-Tutorial-PPT.pdf,PPT,12,1.076
790,Powerful-Visuals-PPT.pdf,PPT,15,3.757
791,Power-shell-EBOOK.pdf,BOOK,247,1.785
792,Practical SQL A Beginners Guide to Storytelling with Data-BOOK.pdf,BOOK,527,4.994
793,Practical-Statistics-for-Data-Scientists-50Essential-Concepts-Using-R+Python-EBOOK.pdf,BOOK,363,15.977
794,Practical-Statistics-for-Data-Scientists-BOOK.pdf,BOOK,562,13.54
795,Practical-Statistics-Visualization-With-Python-Plotly-ARTC.pdf,ARTC,29,1.512
796,Practical-Time-Series-Analysis-Prediction-with-Statistics-and-Machine-Learning-BOOK.pdf,BOOK,500,9.311
797,Practical-Web-Scraping-for-Data-Science-with-Python-EBOOK.pdf,BOOK,313,4.794
798,Practitioners-Guide-for-MLOPS-Google-Cloud-GUIDE.pdf,GUIDE,37,7.603
799,Practitioners-Guide-to-MLOPS-by-GoogleCloud-GUIDE.pdf,GUIDE,37,8.242
800,Presenting-Data-People-Cant-Ignore-PPT.pdf,PPT,35,2.528
801,Principles-of-Data-Analysis-By-Prasenjit-Saha-REPORT.pdf,REPORT,81,0.691
802,Principles-of-Data-Wrangling-BOOK.pdf,BOOK,94,2.064
803,Probabilistic-Model-PPT.pdf,PPT,57,5.578
804,Probability-and-Statistics-Cookbook-NOTEBOOK.pdf,NOTEBOOK,28,0.959
805,Probability-and-Statistics-for-Data-Science-BOOK.pdf,BOOK,237,5.034
806,Probability-and-Statistics-for-Engineers-and-Scientists-bySheldonRoss-BOOK.pdf,BOOK,681,2.688
807,Probability-Bayes-Nets-Naive-Bayes-ModelSelection-NOTES.pdf,NOTES,11,0.723
808,Probability-GUIDE.pdf,GUIDE,25,0.095
809,Probability-Statistics-with-Applications-to-Computing-BOOK.pdf,BOOK,384,18.29
810,Probability-Stats-for-DS-EBOOK.pdf,BOOK,237,5.027
811,Pro-Django-EBOOK.pdf,BOOK,290,3.497
812,Production-and-Operation-Management-NOTES.pdf,NOTES,98,1.991
813,Production-Machine-Learning-For-Dummies-BOOK.pdf,BOOK,66,3.794
814,Profiling-Data-for-Machine-Learning-NOTES.pdf,NOTES,17,0.718
815,Programmers-Guide-to-Data-Mining-The-Art-of-the-Numerati-BOOK.pdf,BOOK,395,138.635
816,Programming-Computer-Vision-with-Python-EBOOK.pdf,BOOK,300,13.488
817,Programming-for-Computations-Python-EBOOK.pdf,BOOK,244,4.423
818,Programming-Hive-BOOK.pdf,BOOK,350,7.05
819,Prompt-engineering-guide-from-basic-to-advance-PPT.pdf,PPT,49,12.211
820,Pro-Python-System-Administration-BOOK.pdf,BOOK,417,7.081
821,PSPP-Statistical-Analysis-Software-UserManual-EBOOK.pdf,BOOK,209,0.846
822,PySpark-dataframe-creation-types-NOTES.pdf,NOTES,16,4.625
823,PySpark-MLLib-PPT.pdf,PPT,36,0.82
824,python3.7-EBOOK.pdf,BOOK,155,0.708
825,Python-3-for-Absolute-Beginners-BOOK.pdf,BOOK,314,7.379
826,Python-AI-Projects-for-Beginners-8-smart-and-exciting-AI-applications-GUIDE.pdf,GUIDE,155,16.123
827,Python-Classes-and-Objects-A-Basic-Introduction-PPT.pdf,PPT,58,3.293
828,Python-Data-Science-Essentials-BOOK.pdf,BOOK,258,11.899
829,Python-Data-Science-Handbook-BOOK.pdf,BOOK,548,21.317
830,Python-for-Absolute-Beginners-EBOOK.pdf,BOOK,212,7.818
831,"Python-for-Data-Analysis-Wrangling-with-Pandas,-Numpy-and-IPython-BOOK.pdf",BOOK,541,10.066
832,Python-For-Everybody-BOOK.pdf,BOOK,247,2.269
833,Python-For-Kids-BOOK.pdf,BOOK,348,13.399
834,Python-for-NLP-PPT.pdf,PPT,254,7.537
835,Python-for-Science-&-Engineering-EBOOK.pdf,BOOK,300,7.643
836,Python-for-Science-and-Engineering-EBOOK.pdf,BOOK,300,7.492
837,Python-Guide-EBOOK.pdf,BOOK,248,2.178
838,Python-HANDBOOK.pdf,HANDBOOK,115,7.346
839,Python-Handwritten-NOTES.pdf,NOTES,31,11.518
840,Python-Intermediate-BOOK.pdf,BOOK,75,1.17
841,Python-Leetcode-solutions-EBOOK.pdf,BOOK,226,0.539
842,Python-Libraries-for-Data-Science-and-ML-PPT.pdf,PPT,64,3.042
843,Python-Libraries-for-Generative-AI-NOTES.pdf,NOTES,11,0.417
844,Python-List-Comprehensions-NOTES.pdf,NOTES,3,0.074
845,"Python-Machine-Learning-and-Deep-Learning-with-scikit-learn,-and-TensorFlow-BOOK.pdf",BOOK,622,10.793
846,Python-Machine-Learning-Cookbook-Practical-Solutions-from-Preprocessing-to-Deep-Learning-BOOK.pdf,BOOK,366,4.591
847,Python-Notes-For-Professionals-BOOK.pdf,BOOK,856,6.067
848,Python-Operators-and-Comprehensions-NOTES.pdf,NOTES,21,7.01
849,Python-Programming-for-Beginner-by-Michael-Daswon-BOOK.pdf,BOOK,480,12.573
850,Python-programming-for-everyone-BOOK.pdf,BOOK,115,9.891
851,Python-Tips-GUIDE.pdf,GUIDE,33,0.985
852,Python-Tricks-BOOK.pdf,BOOK,299,1.267
853,Python-Tutorial-Codes-EBOOK.pdf,BOOK,255,2.328
854,PyTorch-GUIDE.pdf,GUIDE,17,1.041
855,Pytorch-TOC.pdf,TOC,19,0.267
856,QC-Paulinesia-Quantum-Computing-GUIDE.pdf,GUIDE,54,0.607
857,Quality-Measuring-Tools-REPORT.pdf,REPORT,64,1.018
858,Quantum-Computing-BOOK.pdf,BOOK,438,3.274
859,Quantum-computing-Emerging-ecosystem-ndustry-use-cases-REPORT.pdf,REPORT,40,2.603
860,Quantum-Computing-Networking-and-Security-REPORT.pdf,REPORT,57,1.864
861,Quantum-Computing-Progress-and-Prospects-BOOK.pdf,BOOK,273,5.947
862,Quantum-Mechanics-Fall2021-Lecture-Notes-by-BarakShoshany-BOOK.pdf,BOOK,180,2.93
863,Query-Optimization-Techniques-PPT.pdf,PPT,50,0.819
864,Quick-Guide-to-Commonly-Used-Statistical-Tests-GUIDE.pdf,GUIDE,53,1.793
865,Random-Forest1-PPT.pdf,PPT,12,0.39
866,Random-Forest2-PPT.pdf,PPT,39,0.269
867,ReactJS-GUIDE.pdf,GUIDE,33,16.159
868,reactjs-NOTES.pdf,NOTES,110,0.921
869,Real-Time-BigData-Analytics-Emerging-Architecture-REPORT.pdf,REPORT,31,6.454
870,Reference-for-choosing-right-data-visualization-GUIDE.pdf,GUIDE,27,0.465
871,Regex-EBOOK.pdf,BOOK,71,0.542
872,Regression-Models-for-Data-Science-in-R-EBOOK.pdf,BOOK,144,4.184
873,Regular-Expressions-Cookbook-BOOK.pdf,BOOK,612,7.524
874,Reinforcement-Learning2020-BOOK.pdf,BOOK,548,71.634
875,Reinforcement-Learning-An-Introduction-BOOK.pdf,BOOK,352,3.964
876,Reinforcement-Learning-EBOOK.pdf,BOOK,548,41.613
877,Reinforcement-Learning-for-NLP-PPT.pdf,PPT,53,4.836
878,Reinforcement-Learning-NOTES.pdf,NOTES,87,2.783
879,Relevance-and-impact-of-AI-for-company-law-REPORT.pdf,REPORT,14,0.8
880,Research-Methods-in-Psychology-BOOK.pdf,BOOK,446,9.649
881,Resources-for-Datascientists-TOC.pdf,TOC,10,0.226
882,REST-API-Design-Best-Practices-NOTES.pdf,NOTES,18,11.985
883,REST-API-NOTES.pdf,NOTES,6,1.104
884,Resume-CoverLetter-Guide-HarvardUniversity-GUIDE.pdf,GUIDE,21,1.44
885,Resumes-and-Cover-Letters-GUIDE.pdf,GUIDE,21,1.263
886,Review-of-Probability-Theory-REPORT.pdf,REPORT,12,0.296
887,Roadmap-to-mastering-Generative-AI-PPT.pdf,PPT,9,3.969
888,Robustness-and-Explainability-of-Artificial-Intelligence-REPORT.pdf,REPORT,40,1.915
889,ROC-Graphs-Notes-and-Practical-Considerations-for-Researchers-GUIDE.pdf,GUIDE,39,0.446
890,R-Programming-for-ANY-Team-REPORT.pdf,REPORT,21,1.085
891,SA-Agile-ish-5Leadership-Mistakes-PPT.pdf,PPT,59,1.376
892,SA-CollabAtScale-Problem-Types-and-Strategies-PPT.pdf,PPT,30,4.16
893,"Scaling-Language-Models-Methods,-Analysis-and-Insights-from-Training-Gopher-EBOOK.pdf",BOOK,118,2.712
894,ScrumAlliance-CollabAtScale-Prioritizing-a-BACKLOG.pdf,BACKLOG,34,2.088
895,ScrumAlliance-CollaborationAtScale-Keeping-Retros-Fresh-PPT.pdf,PPT,26,7.563
896,ScrumAlliance-Transformational-Leadership-for-Business-Agility-PPT.pdf,PPT,40,5.048
897,SCRUMstudy-SBOK-Guide-4th-edition-GUIDE.pdf,GUIDE,420,8.324
898,Security-Implications-of-ChatGPT-REPORT.pdf,REPORT,54,2.981
899,Segmentation-Cluster-Analysis-PPT.pdf,PPT,15,2.521
900,Segmentation-clustering-NOTES.pdf,NOTES,2,0.767
901,Selenium-Hands-Written-NOTES.pdf,NOTES,183,50.792
902,Selenium-with-Python-NOTES.pdf,NOTES,112,5.493
903,Semantic-Layer-for-Data-Analytics-REPORT.pdf,REPORT,5,1.105
904,ServiceNow-AzureDevops-Integration-GUIDE.pdf,GUIDE,36,2.697
905,Set-up-CodeGPT-for-Visual-Studio-Code-in-under-5-minutes-PPT.pdf,PPT,14,0.999
906,Seven-Databases-in-Seven-Weeks-NOTES.pdf,NOTES,297,2.291
907,Severity-vs-Priority-with-Examples-PPT.pdf,PPT,8,0.181
908,SGBoost-PPT.pdf,PPT,128,0.791
909,Shell-Script-GUIDE.pdf,GUIDE,69,0.506
910,Simplifying-Machine-Learning-with-PyCaret-TOOL.pdf,TOOL,42,2.923
911,Skewness-PPT.pdf,PPT,9,3.221
912,Smart-Factories-for-Small-to-Medium-Manufacturers-REPORT.pdf,REPORT,11,0.14
913,Social-Anxiety-And-Social-PhobiaIn-REPORT.pdf,REPORT,225,2.197
914,Soft-Skills-For-Data-Scientist-PPT.pdf,PPT,9,0.881
915,Solutions-Modernstatistics-EBOOK.pdf,BOOK,140,1.77
916,Some-Physics-for-Mathematicians-NOTES.pdf,NOTES,196,6.036
917,Speech-and-Language-Processing-BOOK.pdf,BOOK,623,22.023
918,Springer-400+DataScience-Ebooks-LINKS.pdf,LINKS,21,0.677
919,Springer-LINKS.pdf,LINKS,9,0.127
920,SQL-Basics-and-Advanced-NOTES.pdf,NOTES,101,0.465
921,SQL-Complete-NOTES.pdf,NOTES,79,5.238
922,SQL-for-Data-Analysis-by-CathyTanimura-BOOK.pdf,BOOK,29,3.996
923,SQL-for-Data-Science-by-AntoniaBadia-BOOK.pdf,BOOK,290,2.804
924,SQL-NoSQL-Databases-EBOOK.pdf,BOOK,238,4.04
925,SQL-Nulls-PPT.pdf,PPT,13,0.651
926,SQL-Optimization-NOTES.pdf,NOTES,10,0.091
927,SQL-Queries-200+-Queries-to-Challenge-you-NOTES.pdf,NOTES,58,0.301
928,SQL-Subqueries-NOTES.pdf,NOTES,52,0.334
929,SQL-Thru-Python-NOTES.pdf,NOTES,8,1.163
930,SQL-Tutorial-GUIDE.pdf,GUIDE,197,1.594
931,SQL-Tutorial-NOTES.pdf,NOTES,200,2.34
932,SQL-Zero-To-Hero-HANDNOTE.pdf,HANDNOTE,41,20.481
933,SrumAlliance-Webinar-50-Frameworks-PPT.pdf,PPT,33,3.858
934,Stakeholder-Needs-Elicitation-GUIDE.pdf,GUIDE,86,3.476
935,Standard-Normal-Probabilities-GUIDE.pdf,GUIDE,2,0.058
936,Stanford-University-CVs-and-Cover-Letters-GUIDE.pdf,GUIDE,30,2.415
937,Starting-a-Career-in-Data-Science-REPORT.pdf,REPORT,33,6.559
938,Start-Your-ML-Journey-NOTES.pdf,NOTES,11,1.425
939,State-of-Digital-Transformation-2023-PPT.pdf,PPT,33,13.556
940,State-of-the-Art-in-IT-Security-GUIDE.pdf,GUIDE,107,2.473
941,Statistical-Analysis-HANDBOOK.pdf,HANDBOOK,99,1.569
942,Statistical-foundations-of-machine-learning-BOOK.pdf,BOOK,178,32.766
943,Statistical-inference-for-data-science-EBOOK.pdf,BOOK,124,2.734
944,statistical-inference-NOTES.pdf,NOTES,15,0.251
945,"Statistical-Modeling-Regression,-Survival-Analysis-and-TimeSeries-Analysis-EBOOK.pdf",BOOK,676,6.115
946,Statistical-Modeling-The-Two-Cultures-REPORT.pdf,REPORT,33,0.296
947,Statistical-Patterns-Recognition-PPT.pdf,PPT,11,0.379
948,Statistics-and-Machine-Learning-in-Python-BOOK.pdf,BOOK,300,11.918
949,Statistics-and-risk-modeling-PPT.pdf,PPT,98,4.659
950,Statistics-Cartoon-Guide-BOOK.pdf,BOOK,238,5.736
951,Statistics-Demystified-BOOK.pdf,BOOK,338,8.061
952,Statistics-Essentials-for-dummies-BOOK.pdf,BOOK,195,2.591
953,Statistics-for-Data-Analysis-PPT.pdf,PPT,130,4.392
954,Statistics-for-Machine-Learning-BOOK.pdf,BOOK,439,16.708
955,Statistics-For-Machine-Learning-NOTE.pdf,NOTE,47,4.625
956,Statistics-in-data-science-part-2+3+4-NOTEBOOK.pdf,NOTEBOOK,37,18.164
957,Statistics-Machine-Learning-in-Python-BOOK.pdf,BOOK,201,5.65
958,Statistics-Notes-Day1-NOTE.pdf,NOTE,10,4.501
959,"Statistics-With-Julia-Fundamentals-for-Data-Science,-Machine-Learning-and-AI-BOOK.pdf",BOOK,443,11.44
960,STATS331-Introduction-to-Bayesian-Statistics-with-R-EBOOK.pdf,BOOK,98,1.667
961,Stochastic-Differential-Equations-EBOOK.pdf,BOOK,296,3.247
962,Stochastic-Processes-Course-Notes-EBOOK.pdf,BOOK,195,1.669
963,Storytelling-with-Data-EBOOK.pdf,BOOK,284,12.702
964,Streaming-with-Publish-Subscribe-Messaging-with-Kafka-PPT.pdf,PPT,7,0.337
965,Summary-of-Linear-Regression-NOTES.pdf,NOTES,22,1.454
966,Super-study-guide-data-science-tools-REPORT.pdf,REPORT,23,2.817
967,Supervised-Learning-GUIDE.pdf,GUIDE,4,0.643
968,Supervised-Machine-Learning-BOOK.pdf,BOOK,112,1.661
969,Supervised-Machine-Learning-Lecture-Notes-for-Statistical-Machine-Learning-BOOK.pdf,BOOK,112,1.984
970,Supplementary-Material-for-Probabilistic-Machine-Learning-Advanced-Topics-BOOK.pdf,BOOK,281,11.302
971,Supply-chain-cyber-security-PPT.pdf,PPT,6,0.414
972,Support-Vector-Machine-PPT.pdf,PPT,50,4.308
973,Support-Vector-Machines-Succinctly-EBOOK.pdf,BOOK,114,3.665
974,SymPy-Symbolic-Computation-in-Python-NOTES.pdf,NOTES,17,0.376
975,System-Design-Aman-Barnwal-NOTES.pdf,NOTES,161,46.776
976,System-Design-Basics-Handbook-NOTES.pdf,NOTES,39,11.275
977,System-Design-by-Alex-Xu-EBOOK.pdf,BOOK,159,37.663
978,System-Design-TheBigArchive-EBOOK.pdf,BOOK,159,37.769
979,Tableau-An-Introduction-GUIDE.pdf,GUIDE,146,5.545
980,Tableau-GUIDE.pdf,GUIDE,31,4.106
981,Tableau-Tutorial-NOTES.pdf,NOTES,36,5.44
982,Talend-DefinitiveGuide-DataGovernance-GUIDE.pdf,GUIDE,69,8.011
983,Tensor-Algebra-PPT.pdf,PPT,88,0.828
984,TensorFlow-in-1-Day-Make-your-own-Neural-Network-EBOOK.pdf,BOOK,449,13.089
985,Tensor-Regression-EBOOK.pdf,BOOK,187,8.34
986,Test-Plan-REPORT.pdf,REPORT,10,0.264
987,TGN-Temporal-Graph-Networks-for-Dynamic-Graphs-REPORT.pdf,REPORT,26,3.34
988,The Data Scientists Guide to Spark-GUIDE.pdf,GUIDE,100,2.529
989,The Unicode Standard Version 12.0-Core Specification-GUIDE.pdf,GUIDE,69,2.463
990,The-365-Data-Science-Booklet-PPT.pdf,PPT,67,11.43
991,The-5-Feature-Selection-Algorithms-every-Data-Scientist-should-know-ARTC.pdf,ARTC,14,11.2
992,The-5-most-influential-visuals-REPORT.pdf,REPORT,9,1.305
993,The-AI-revolution-in-scientific-research-REPORT.pdf,REPORT,10,2.529
994,The-Analytics-Setup-Guidebook-BOOK.pdf,BOOK,187,13.724
995,The-Art-of-Effective-Visualization-of-Multi-dimensional-Data-ARTC.pdf,ARTC,33,2.95
996,The-Art-of-Machine-Learning-Algorithms+Data+R-BOOK.pdf,BOOK,239,1.812
997,The-Big-Book-on-MLOps-PPT.pdf,PPT,36,6.645
998,The-Complete-Guide-to-Data-Storytelling-GUIDE.pdf,GUIDE,10,6.699
999,The-Comprehensive-Guide-to-DAX-BOOK.pdf,BOOK,109,11.344
1000,The-Data-Science-Booklet-PPT.pdf,PPT,67,11.922
1001,The-Data-Science-Career-Guide-by365DataScience-PPT.pdf,PPT,92,5.298
1002,The-Data-Science-Design-Manual-BOOK.pdf,BOOK,456,17.724
1003,The-Data-Science-Handbook-BOOK.pdf,BOOK,285,2.745
1004,The-Definitive-Guide-to-DAX-NOTEBOOK.pdf,NOTEBOOK,1618,78.654
1005,The-Difference-Between-Boss-VS-Leader-GUIDE.pdf,GUIDE,10,0.66
1006,The-economic-potential-of-Generative-AI-REPORT.pdf,REPORT,68,7.083
1007,The-Elements-of-Statistical-Learning-BOOK.pdf,BOOK,764,20.492
1008,"The-Elements-of-Statistical-Learning-Data-Mining,-Inference,-and-Prediction-BOOK.pdf",BOOK,764,12.779
1009,The-Entity-Relationship-(ER)-Model-PPT.pdf,PPT,25,0.792
1010,The-Essentials-of-Data-Science-Knowledge-Discovery-Using-R-EBOOK.pdf,BOOK,343,7.022
1011,The-expressive-power-of-pooling-in-Graph-Neural-Network-PAPER.pdf,PAPER,14,0.475
1012,The-Field-Guided-to-Data-Science-REPORT.pdf,REPORT,126,12.744
1013,The-Functional-Art-An-Introduction-to-Information-Graphics-and-Visualization-EBOOK.pdf,BOOK,319,12.898
1014,The-Future-of-Analytics-BOOK.pdf,BOOK,48,9.312
1015,The-Future-of-Generative-AI-REPORT.pdf,REPORT,80,4.47
1016,The-Geometry-of-the-Dot-and-Cross-Products-NOTES.pdf,NOTES,13,0.105
1017,The-Hundred-Page-Machine-Learning-BOOK.pdf,BOOK,152,6.982
1018,The-Impact-of-LLMs-on-Scientific-Discovery-using-GPT-4-EBOOK.pdf,BOOK,230,7.122
1019,The-LION-Way-Machine-Learning-plus-Intelligent-Optimization-Part3-BOOK.pdf,BOOK,257,11.588
1020,The-Little-Book-of-Deep-Learning-EBOOK.pdf,BOOK,155,4.16
1021,The-Mathematics-of-Multiple-Linear-Regression-NOTEBOOK.pdf,NOTEBOOK,27,1.6
1022,The-Matrix-Cookbook-GUIDE.pdf,GUIDE,72,0.656
1023,The-Next-Level-of-Data-Visualization-in-Python-ARTC.pdf,ARTC,17,2.67
1024,The-Official-Kanban-GUIDE.pdf,GUIDE,15,4.115
1025,Theory-of-Deep-Learning-TEXTBOOK.pdf,TEXTBOOK,118,3.622
1026,Theory-of-Quantum-Information-NOTES.pdf,NOTES,197,0.977
1027,The-Promise-and-Peril-of-Generative-AI-REPORT.pdf,REPORT,4,0.299
1028,The-Purple-Book-on-Cyber-Security-EBOOK.pdf,BOOK,152,1.699
1029,The-Python-1-HANDBOOK.pdf,HANDBOOK,115,7.344
1030,The-Python-Apprentice-by-RoberSmallshire-BOOK.pdf,BOOK,354,17.603
1031,The-Python-Journeyman-byAustin-BOOK.pdf,BOOK,425,3.974
1032,The-Python-Master-by-RobertSmallshire-BOOK.pdf,BOOK,209,0.962
1033,The-Python-Workbook-Ben-Stephenson-EBOOK.pdf,BOOK,169,10.517
1034,The-React-Beginner-s-HANDBOOK.pdf,HANDBOOK,40,1.532
1035,The-Relation-Between-SVD-PCA-and-Eigenvectors-NOTES.pdf,NOTES,7,0.153
1036,The-Smart-Man's-Guide-to-Quantum-REPORT.pdf,REPORT,21,3.7
1037,The-state-of-DevOps-Tools-REPORT.pdf,REPORT,80,5.481
1038,The-StatQuest-Illustrated-Guide-to-Machine-Learning-PPT.pdf,PPT,307,245.192
1039,The-Ultimate-Guide-to-Data-Transformation-GUIDE.pdf,GUIDE,23,0.752
1040,The-Ultimate-Guide-to-Effective-Data-Collection-REPORT.pdf,REPORT,43,0.582
1041,The-Ultimate-Web3-CFO-Guide-NOTEBOOK.pdf,NOTEBOOK,109,35.115
1042,The-White-Book-of-Big-Data-REPORT.pdf,REPORT,66,1.963
1043,Think-Complexity-BOOK.pdf,BOOK,148,1.143
1044,Think-Data-Structures-Algorithms-in-Java-EBOOK.pdf,BOOK,157,4.823
1045,Think-Python-How-to-Think-Like-a-Computer-Scientist-BOOK.pdf,BOOK,244,0.776
1046,Think-Stats-EDA-in-Python-EBOOK.pdf,BOOK,264,2.445
1047,Think-Stats-Probality-and-Stats-for-Programmers-BOOK.pdf,BOOK,140,1.377
1048,Time-Complexity-and-Data-Structures-NOTES.pdf,NOTES,10,3.607
1049,Time-Series-Analysis-Forecasting-and-Control-EBOOK.pdf,BOOK,709,13.501
1050,Time-series-analysis-with-applications-in-R-EBOOK.pdf,BOOK,501,6.483
1051,Time-Series-Econometrics-A-Concise-Course-EBOOK.pdf,BOOK,215,5.771
1052,Time-series-forecasting-principles-amazon-forecast-GUIDE.pdf,GUIDE,37,0.96
1053,Time-Series-using-Deep-Learning-CHAPTER.pdf,CHAPTER,6,0.201
1054,TMLC-BROC.pdf,BROC,10,1.345
1055,Tokenization-of-Infrastructure-A-blockchain-REPORT.pdf,REPORT,45,1.854
1056,Top-10-for-Data-Science-PPT.pdf,PPT,9,0.601
1057,Top-12-AI-Tools-Frameworks-You-Need-to-Know-REPORT.pdf,REPORT,13,2.633
1058,Top-17-Must-Read-AI-Papers-of-2022-REPORT.pdf,REPORT,6,0.236
1059,Top-25-Penetration-Testing-Tools-REPORT.pdf,REPORT,4,0.297
1060,Top5-Python-Libraries-NOTES.pdf,NOTES,6,0.55
1061,Topics-in-Reinforcement-Learning-EBOOK.pdf,BOOK,180,5.297
1062,Top-IT-Companies-list-REPORT.pdf,REPORT,40,0.622
1063,Top-NEW-Features-of-AI-Copilot-PPT.pdf,PPT,8,0.745
1064,Top-Python-Libraries-to-Use-Financial-Data-NOTES.pdf,NOTES,6,0.092
1065,Top-websites-for-career-LINKS.pdf,LINKS,6,0.472
1066,Transductive-Learning-Motivation-Model-and-Algorithm-PPT.pdf,PPT,29,0.105
1067,Tree-Based-ML-Models-PPT.pdf,PPT,23,2.769
1068,Trees-Data-Structures-NOTES.pdf,NOTES,28,7.632
1069,Tutorial-Use-Case-Diagram-PPT.pdf,PPT,42,1.872
1070,TwoPhaseCommitIsEvil-PPT.pdf,PPT,46,4.284
1071,Types-of-Machine-Learning-Algorithms-For-Beginners-NOTES.pdf,NOTES,18,1.499
1072,Uber-Tagged-LeetCode-Problems-LINKS.pdf,LINKS,8,0.254
1073,UI-Technologies-NOTES.pdf,NOTES,158,5.124
1074,Ultimate-Guide-for-Salesforce-REPORT.pdf,REPORT,46,5.889
1075,Ultimate-Guide-to-Data-Cleaning-ARTC.pdf,ARTC,18,0.766
1076,Undergraduate-Texts-in-Discrete-Mathematics-BOOK.pdf,BOOK,297,26.384
1077,Understanding-Deep-Learning-EBOOK.pdf,BOOK,540,21.107
1078,Understanding-Life-with-Maths-PPT.pdf,PPT,33,0.199
1079,Understanding-Machine-Learning-From-Theory-to-Algorithms-BOOK.pdf,BOOK,449,2.481
1080,Understanding-machine-learning-theory-algorithms-BOOK.pdf,BOOK,449,2.481
1081,"Understanding-Transformers,-the-Data-Science-Way-NOTE.pdf",NOTE,20,4.231
1082,Use-Cases-of-Generative-AI-REPORT.pdf,REPORT,119,7.677
1083,Use-of-Sanskrit-for-Natural-Language-Processing-REPORT.pdf,REPORT,4,0.265
1084,Value-creation-in-the-metaverse-REPORT.pdf,REPORT,77,7.079
1085,Vector-LinearOperator-NOTES.pdf,NOTES,4,0.037
1086,Vectors-HANDBOOK.pdf,HANDBOOK,9,6.61
1087,VIS-Building-effective-dashboards-REPORT.pdf,REPORT,14,1.76
1088,VIS-Introducing-Plotly-Express-Plotly-ARTC.pdf,ARTC,17,2.405
1089,Visualize-And-Modeling-Joint-Behaviors-of-Categorical-Variables-BOOK.pdf,BOOK,170,1.578
1090,VIS-Visualization-in-plotly-with-R-NOTEBOOK.pdf,NOTEBOOK,2,2.6
1091,VSCode-Cheetsheet-GUIDE.pdf,GUIDE,47,11.809
1092,Watts-Driving-the-Cost-of-AI-Deployment-ARTC.pdf,ARTC,20,0.841
1093,Web3.0-Internet-of-the-New-Era-REPORT.pdf,REPORT,17,1.654
1094,Web-3.0-Utility-&-Required-Skills-for-Individuals-EBOOK.pdf,BOOK,67,1.715
1095,Web3-beyond-the-hype-REPORT.pdf,REPORT,11,0.88
1096,Web3-Glossary-PPT.pdf,PPT,175,1.267
1097,What-are-Assets-and-Liabilities-in-Accounting-NOTES.pdf,NOTES,9,0.688
1098,What-is-a-Data-Warehouse-PPT.pdf,PPT,26,1.125
1099,What-is-Azure-OpenAI-BROC.pdf,BROC,1,0.575
1100,What-is-data-science-EBOOK.pdf,BOOK,141,3.497
1101,What-Is-Data-Warehousing-ARTC.pdf,ARTC,12,0.236
1102,What-is-Dimensional-Model-ARTC.pdf,ARTC,7,0.112
1103,What-is-Exploratory-Data-Analysis-ARTC.pdf,ARTC,8,0.733
1104,What-is-in-my-AI-REPORT.pdf,REPORT,26,2.35
1105,What-is-Meta-Data-PPT.pdf,PPT,32,0.906
1106,What-is-OLAP-ARTC.pdf,ARTC,12,0.325
1107,When-Less-is-More-Investigating-DataPruning-for-Pretraining-LLMs-at-Scale-ARTC.pdf,ARTC,25,1.136
1108,Why-a-Bayesian-Approach-to-Drug-Development-and-Evaluation-EBOOK.pdf,BOOK,68,1.212
1109,"Word-Embedding-LSA,-Word2Vec,-Glove,-ELMo-PPT.pdf",PPT,45,0.639
1110,Writing-for-computer-science-3rd-edition-BOOK.pdf,BOOK,285,5.263
1111,XAI-David-Gunning-(DARPA)-PPT.pdf,PPT,38,35.75
1112,XGB-Regressor-With-Hyperparameter-Tuning-TOOL.pdf,TOOL,45,0.475
1113,Zeno-s-paradoxes-NOTE.pdf,NOTE,4,0.054
1114,Zero-to-Advance-in-DSA-50-Days-Challenge-TOC.pdf,TOC,21,6.4
